,,,,,,,,,,,,,,,,,,,,,,,,
,,,,,,Setosa = 0,,Learning Rate,,0.1,,,,,,,,,,,,,,
,,,,,,Versicolor = 1,,Bobot bias,,,,,dot product,Sigmoid,Prediksi,error,Sum Square Error,,,,,,,
EPOCH,No,X1,X2,X3,X4,TARGET,,bias,teta1,teta2,teta 3,teta4,z,g(z),,,,,,dbias,dteta1,dteta2,dteta3,dteta4
epoch1,1,5.1,3.5,1.4,0.2,0,,0.5,0.5,0.5,0.5,0.5,5.6,0.9963157601005641,1,0.9963157601005641,0.9926450938247648,,,0.0073142853212969676,0.03730285513861453,0.025599998624539388,0.010239999449815754,0.0014628570642593935
,2,4.9,3.0,1.4,0.2,0,,0.4992685714678703,0.49626971448613855,0.4974400001375461,0.4989760000550184,0.49985371429357406,5.221847315798328,0.994631625688646,1,0.994631625688646,0.9892920708200389,,,0.010621780278832902,0.052046723366281224,0.03186534083649871,0.014870492390366061,0.0021243560557665806
,3,4.7,3.2,1.3,0.2,0,,0.498206393439987,0.4910650421495104,0.4942534660538962,0.4974889508159818,0.4996412786879974,5.13448707471353,0.9941444179022139,1,0.9941444179022139,0.9883231236461316,,,0.01157441437930073,0.05439974758271343,0.037038126013762336,0.01504673869309095,0.002314882875860146
,4,4.6,3.1,1.5,0.2,0,,0.49704895200205695,0.48562506739123906,0.49054965345251994,0.49598427694667274,0.4994097904004114,5.09548656120466,0.9939129530101203,1,0.9939129530101203,0.9878629581612975,,,0.012026336491778802,0.055321147862182486,0.037281643124514284,0.018039504737668202,0.0024052672983557607
,5,5.0,3.6,1.4,0.2,0,,0.49584631835287907,0.48009295260502083,0.4868214891400685,0.49418032647290594,0.4991692636705758,5.440554752078413,0.9956816524033271,1,0.9956816524033271,0.9913819529326198,,,0.008562263747662996,0.04281131873831498,0.030824149491586787,0.011987169246728194,0.0017124527495325993
,6,5.4,3.9,1.7,0.4,0,,0.4949900919781128,0.4758118207311893,0.48373907419090983,0.4929816095482331,0.4989980183956225,5.988624256861328,0.9974991590661311,1,0.9974991590661311,0.9950045723376386,,,0.004976696327777433,0.026874160169998138,0.01940911567833199,0.008460383757221636,0.0019906785311109734
,7,4.6,3.4,1.4,0.3,0,,0.494492422345335,0.47312440471418954,0.4817981626230766,0.49213557117251094,0.49879895054251144,5.147607921753336,0.9942203051032675,1,0.9942203051032675,0.9884740150796344,,,0.01142615644101683,0.05256031962867742,0.03884893189945722,0.015996619017423563,0.003427846932305049
,8,5.0,3.4,1.5,0.2,0,,0.49334980670123335,0.4678683727513218,0.4779132694331309,0.49053590927076857,0.49845616584928093,5.293091883606497,0.9949989405062651,1,0.9949989405062651,0.9900228916085901,,,0.009902326762187958,0.04951163381093979,0.03366791099143906,0.014853490143281937,0.0019804653524375915
,9,4.4,2.9,1.4,0.2,0,,0.49235957402501457,0.46291720937022784,0.474546478333987,0.4890505602564404,0.4982581193140372,4.689702490644404,0.9908942568078348,1,0.9908942568078348,0.9818714281747514,,,0.017881338145367475,0.07867788783961689,0.051855880621565674,0.025033873403514463,0.0035762676290734953
,10,4.9,3.1,1.5,0.1,0,,0.4905714402104778,0.45504942058626613,0.4693608902718304,0.48654717291608895,0.49790049255112984,4.954943169555103,0.9930008525203312,1,0.9930008525203312,0.9860506931061046,,,0.013803028446958507,0.0676348393900967,0.042789388185571375,0.02070454267043776,0.0013803028446958507
,11,5.4,3.7,1.5,0.2,0,,0.48919113736578196,0.44828593664725647,0.4650819514532733,0.4844767186490452,0.49776246226666027,5.457005986064979,0.9957518140446461,1,0.9957518140446461,0.9915216751732034,,,0.008424336909799594,0.045491419312917815,0.031170046566258502,0.012636505364699391,0.001684867381959919
,12,4.8,3.4,1.6,0.2,0,,0.488348703674802,0.44373679471596467,0.46196494679664746,0.48321306811257525,0.4975939755284643,5.061625841505847,0.9937046317172092,1,0.9937046317172092,0.9874488950962345,,,0.012432708910131226,0.05967700276862988,0.042271210294446165,0.019892334256209964,0.0024865417820262455
,13,4.8,3.0,1.4,0.1,0,,0.48710543278378887,0.43776909443910167,0.45773782576720284,0.48122383468695423,0.49734532135026166,4.685058464089847,0.9908522588837884,1,0.9908522588837884,0.9817881989351059,,,0.017962288549620082,0.08621898503817639,0.05388686564886025,0.025147203969468113,0.0017962288549620083
,14,4.3,3.0,1.1,0.1,0,,0.48530920392882687,0.42914719593528405,0.45234913920231684,0.4787091142900074,0.49716569846476544,4.263986159622983,0.9861289905852415,1,0.9861289905852415,0.9724503860726673,,,0.026977736921199005,0.11600426876115572,0.08093321076359701,0.029675510613318908,0.0026977736921199006
,15,5.8,4.0,1.2,0.2,0,,0.482611430236707,0.4175467690591685,0.44425581812595716,0.4757415632286755,0.49689592109555347,5.3516750233772346,0.995282159137259,1,0.995282159137259,0.9905865762969243,,,0.009346859655472595,0.05421178600174105,0.03738743862189038,0.011216231586567114,0.001869371931094519
,16,5.7,4.4,1.5,0.4,0,,0.48167674427115975,0.4121255904589944,0.4405170742637681,0.4746199400700188,0.496708983902444,5.679681240314014,0.9965969734119293,1,0.9965969734119293,0.9932055274138177,,,0.006759809634415966,0.03853091491617101,0.029743162391430253,0.01013971445162395,0.0027039238537663866
,17,5.4,3.9,1.3,0.4,0,,0.4810007633077182,0.4082724989673773,0.4375427580246251,0.4736059686248564,0.4964385915170674,5.206352209846734,0.9945482513768573,1,0.9945482513768573,0.9891262243167646,,,0.010784935063066483,0.058238649340559015,0.042061246745959284,0.01402041558198643,0.004313974025226593
,18,5.1,3.5,1.4,0.3,0,,0.47992226980141156,0.4024486340333214,0.4333366333500292,0.47220392706665776,0.4960071941145447,4.858976176224137,0.9923013066360213,1,0.9923013066360213,0.9846618831515552,,,0.015161219811163217,0.0773222210369324,0.053064269339071254,0.021225707735628502,0.0045483659433489644
,19,5.7,3.8,1.7,0.3,0,,0.4784061478202952,0.39471641192962814,0.42803020641612205,0.4700813562930949,0.4955523575202098,5.3026084931547635,0.9950460732362997,1,0.9950460732362997,0.9901166878629795,,,0.009809931118381465,0.05591660737477435,0.03727773824984957,0.01667688290124849,0.0029429793355144397
,20,5.1,3.8,1.5,0.3,0,,0.4774251547084571,0.38912475119215073,0.4243024325911371,0.46841366800297,0.49525805958665836,4.925508549515199,0.9927932800604808,1,0.9927932800604808,0.9856384969332483,,,0.014206441218013064,0.07245285021186662,0.05398447662844964,0.021309661827019596,0.004261932365403919
,21,5.4,3.4,1.7,0.2,0,,0.47600451058665577,0.3818794661709641,0.4189039849282921,0.46628270182026804,0.49483186635011794,4.854074143030535,0.9922637674111313,1,0.9922637674111313,0.9845873841169317,,,0.015233994015188755,0.08226356768201928,0.05179557965164177,0.025897789825820885,0.003046798803037751
,22,5.1,3.7,1.5,0.4,0,,0.4744811111851369,0.37365310940276214,0.41372442696312794,0.46369292283768593,0.4945271864698142,4.804242607747252,0.9918717051848839,1,0.9918717051848839,0.9838094795463692,,,0.015993386983317686,0.08156627361492019,0.05917553183827544,0.023990080474976527,0.006397354793327075
,23,4.6,3.6,1.0,0.2,0,,0.47288177248680513,0.3654964820412701,0.4078068737793004,0.4612939147901883,0.4938874509904815,4.182341740470413,0.9849667243952968,1,0.9849667243952968,0.9701594481660005,,,0.029169348729572595,0.13417900415603393,0.10500965542646135,0.029169348729572595,0.00583386974591452
,24,5.1,3.3,1.7,0.5,0,,0.4699648376138479,0.35207858162566674,0.3973059082366543,0.45837697991723103,0.49330406401589005,4.602567998952945,0.9900734682046256,1,0.9900734682046256,0.9802454724427357,,,0.01946087569894922,0.09925046606464102,0.06422088980653243,0.033083488688213675,0.00973043784947461
,25,4.8,3.4,1.9,0.2,0,,0.468018750043953,0.34215353501920265,0.3908838192560011,0.45506863104840967,0.4923310202309426,4.402457306644696,0.9879009715635733,1,0.9879009715635733,0.975948329616252,,,0.02361605318502042,0.11335705528809802,0.08029458082906943,0.044870501051538794,0.004723210637004084
,26,5.0,3.0,1.6,0.2,0,,0.46565714472545094,0.33081782949039285,0.3828543611730941,0.4505815809432558,0.4918586991672422,4.087611645039356,0.9834976368803946,1,0.9834976368803946,0.9672676017493205,,,0.031924402395794305,0.15962201197897152,0.09577320718738291,0.05107904383327089,0.006384880479158861
,27,5.0,3.4,1.6,0.4,0,,0.4624647044858715,0.3148556282924957,0.37327704045435584,0.4454736765599287,0.4912202111193263,4.215130750436776,0.9854445985560111,1,0.9854445985560111,0.9711010568232178,,,0.02826953144948767,0.14134765724743836,0.09611640692825807,0.04523125031918027,0.011307812579795068
,28,5.2,3.5,1.5,0.2,0,,0.4596377513409228,0.3007208625677519,0.36366539976153,0.44095055152801066,0.4900894298613468,4.055658849122873,0.9829709498495309,1,0.9829709498495309,0.966231888248089,,,0.03290802256391827,0.171121717332375,0.11517807897371393,0.0493620338458774,0.006581604512783654
,29,5.2,3.4,1.4,0.2,0,,0.45634694908453094,0.2836086908345144,0.3521475918641586,0.43601434814342294,0.4894312694100684,3.836720295044951,0.9788909893921678,1,0.9788909893921678,0.9582275691131772,,,0.04045447184225466,0.21036325357972424,0.13754520426366584,0.05663626057915652,0.008090894368450932
,30,4.7,3.2,1.6,0.2,0,,0.4523015019003055,0.26257236547654195,0.338393071437792,0.4303507220855073,0.4886221799732233,3.555535039572444,0.9722272713388223,1,0.9722272713388223,0.945225867134932,,,0.05250300306292983,0.2467641143957702,0.16800960980137547,0.08400480490068774,0.010500600612585967
,31,4.8,3.1,1.6,0.2,0,,0.4470512015940125,0.23789595403696492,0.32159211045765446,0.42195024159543854,0.48757211991196475,3.3585221339252675,0.9663827982349399,1,0.9663827982349399,0.9338957127243925,,,0.06278992120436104,0.301391621780933,0.19464875573351922,0.10046387392697767,0.012557984240872209
,32,5.4,3.4,1.5,0.4,0,,0.4407722094735764,0.20775679185887164,0.30212723488430254,0.4119038542027408,0.4863163214878775,3.4022737940173737,0.9677755214537539,1,0.9677755214537539,0.9365894599250852,,,0.06036221391599227,0.3259559551463583,0.20523152731437372,0.0905433208739884,0.02414488556639691
,33,5.2,4.1,1.5,0.1,0,,0.4347359880819772,0.1751611963442358,0.28160408215286514,0.4028495221153419,0.48390183293123784,3.1528154123648866,0.9590195136695988,1,0.9590195136695988,0.9197184275990739,,,0.07538101690008385,0.391981287880436,0.30906216929034375,0.11307152535012577,0.007538101690008386
,34,5.5,4.2,1.4,0.2,0,,0.4271978863919688,0.1359630675561922,0.25069786522383075,0.39154236958032934,0.483148022762237,2.872714713856024,0.946481027779361,1,0.946481027779361,0.8958263359462756,,,0.09588740957605099,0.5273807526682804,0.4027271202194142,0.13424237340647138,0.0191774819152102
,35,4.9,3.1,1.5,0.2,0,,0.4176091454343637,0.08322499228936414,0.21042515320188931,0.3781181322396822,0.481230274570716,2.1411528358517713,0.8948391440856184,1,0.8948391440856184,0.800737093787882,,,0.1684123962902563,0.825220741822256,0.5220784284997946,0.2526185944353845,0.03368247925805126
,36,5.0,3.2,1.2,0.2,0,,0.4007679058053381,0.000702918107138531,0.15821731035190986,0.3528562727961438,0.47786202664491084,1.429577822151497,0.8068355270450962,1,0.8068355270450962,0.6509835677021382,,,0.2514937955149729,1.2574689775748646,0.8047801456479133,0.3017925546179675,0.050298759102994584
,37,5.5,3.5,1.3,0.2,0,,0.37561852625384085,-0.12504397965034791,0.07773929578711852,0.32267701733434706,0.4728321507346114,0.4740107261134156,0.616332601102125,1,0.616332601102125,0.3798658751813111,,,0.291484304521757,1.6031636748696636,1.0201950658261496,0.3789295958782841,0.058296860904351405
,38,4.9,3.1,1.5,0.1,0,,0.34647009580166516,-0.2853603471373143,-0.024280210795496443,0.28478405774651866,0.4670024646441762,-0.6531879255530182,0.34227150559880865,0,0.34227150559880865,0.11714978354487529,,,0.15410550150079258,0.7551169573538837,0.477727054652457,0.23115825225118886,0.015410550150079258
,39,4.4,3.0,1.3,0.2,0,,0.3310595456515859,-0.3608720428727027,-0.07205291626074214,0.26166823252139976,0.46546140962916827,-1.0396752075668791,0.2612126676962971,0,0.2612126676962971,0.06823205776501613,,,0.10081795986761684,0.4435990234175141,0.30245387960285053,0.13106334782790188,0.020163591973523368
,40,5.1,3.4,1.5,0.2,0,,0.32097774966482423,-0.4052319452144541,-0.1022983042210272,0.24856189773860957,0.46344505043181594,-1.6279875485861062,0.16410623343151118,0,0.16410623343151118,0.026930855851077636,,,0.04502266906854062,0.22961561224955715,0.1530770748330381,0.06753400360281092,0.009004533813708124
,41,7.0,3.2,4.7,1.4,1,,0.31647548275797016,-0.42819350643940984,-0.11760601170433102,0.24180849737832846,0.46254459705044515,-1.2731559262229912,0.2187174882419144,0,-0.7812825117580856,0.6104023631790232,,,-0.2670113433828895,-1.8690794036802265,-0.8544362988252465,-1.2549533138995808,-0.37381588073604527
,42,6.4,3.2,4.5,1.5,1,,0.34317661709625913,-0.24128556607138718,-0.03216238182180636,0.36730382876828654,0.4999261851240497,1.0987858795529646,0.7500325468783682,1,-0.24996745312163182,0.062483727620115205,,,-0.09372965873073849,-0.5998698158767264,-0.2999349079383632,-0.4217834642883232,-0.14059448809610775
,43,6.9,3.1,4.9,1.5,1,,0.352549582969333,-0.18129858448371455,-0.002168891027970042,0.4094821751971189,0.5139856339336605,1.8723068972113688,0.8667249791096847,1,-0.1332750208903153,0.017762231193313976,,,-0.030789938919932893,-0.21245057854753696,-0.09544881065179198,-0.1508707007076712,-0.04618490837989934
,44,5.5,2.3,4.0,1.3,1,,0.35562857686132626,-0.16005352662896086,0.0073759900372091566,0.424569245267886,0.5186041247716504,1.864761300762312,0.8658509517885868,1,-0.13414904821141316,0.01799596713602805,,,-0.031163650546172036,-0.1714000780039462,-0.07167639625619568,-0.12465460218468814,-0.04051274571002365
,45,6.5,2.8,4.6,1.5,1,,0.35874494191594347,-0.14291351882856623,0.014543629662828725,0.4370347054863548,0.5226553993426528,2.264871976837395,0.9059256640836947,1,-0.09407433591630532,0.008849980678093852,,,-0.01603484924586008,-0.10422652009809051,-0.044897577888408216,-0.07376030653095636,-0.02405227386879012
,46,5.7,2.8,4.5,1.3,1,,0.3603484268405295,-0.13249086681875719,0.019033387451669548,0.4444107361394504,0.5250606267295318,2.3408710982142065,0.9122058732738514,1,-0.08779412672614861,0.0077078086876070425,,,-0.014062216709812721,-0.08015463524593251,-0.039374206787475614,-0.06327997519415725,-0.018280881722756537
,47,6.3,3.3,4.7,1.6,1,,0.36175464851151073,-0.12447540329416393,0.02297080813041711,0.45073873365886613,0.5268887149018074,2.614857266628217,0.9318116686666608,1,-0.06818833133333924,0.004649648530025253,,,-0.008665193510952636,-0.0545907191190016,-0.0285951385861437,-0.04072640950147739,-0.013864309617524218
,48,4.9,2.4,3.3,1.0,1,,0.362621167862606,-0.11901633138226377,0.025830321989031478,0.4548113746090139,0.5282751458635598,1.8705865989364945,0.8665261372612618,1,-0.13347386273873818,0.01781527203439952,,,-0.030874797720453595,-0.15128650883022263,-0.07409951452908863,-0.10188683247749686,-0.030874797720453595
,49,6.6,2.9,4.6,1.3,1,,0.3657086476346514,-0.1038876804992415,0.03324027344194034,0.46500005785676357,0.5313626256356052,2.6062184287886834,0.9312607164707571,1,-0.06873928352924286,0.004725089100113638,,,-0.008800579721519984,-0.058083826162031886,-0.02552168119240795,-0.04048266671899192,-0.011440753637975979
,50,5.2,2.7,3.9,1.4,1,,0.3665887056068034,-0.09807929788303832,0.03579244156118114,0.46904832452866274,0.5325067009994028,2.528013795891142,0.9260825053911476,1,-0.07391749460885244,0.005463796009249729,,,-0.010119851794384287,-0.05262322933079829,-0.027323599844837575,-0.03946742199809872,-0.014167792512138
,51,5.0,2.0,3.5,1.0,1,,0.3676006907862418,-0.09281697494995848,0.03852480154566489,0.47299506672847264,0.5339234802506165,2.16997163292805,0.8975203574511085,1,-0.10247964254889153,0.010502077136948578,,,-0.018851656051866405,-0.09425828025933203,-0.03770331210373281,-0.06598079618153242,-0.018851656051866405
,52,5.9,3.0,4.2,1.5,1,,0.36948585639142845,-0.08339114692402527,0.042295132756038176,0.47959314634662586,0.5358086458558031,2.8223676712473273,0.9438726306566491,1,-0.05612736934335094,0.003150281589404931,,,-0.005946929142201684,-0.035086881938989935,-0.01784078742660505,-0.024977102397247073,-0.008920393713302525
,53,6.0,2.2,4.0,1.0,1,,0.3700805493056486,-0.07988245873012628,0.04407921149869868,0.4820908565863506,0.5367006852271333,2.4528241737945637,0.9207677320386292,1,-0.07923226796137084,0.006277752286302472,,,-0.011560703469918093,-0.06936422081950855,-0.025433547633819806,-0.04624281387967237,-0.011560703469918093
,54,6.1,2.9,4.7,1.4,1,,0.37123661965264043,-0.07294603664817542,0.04662256626208066,0.4867151379743178,0.5378567555741252,3.1020318445418735,0.9569764788922103,1,-0.04302352110778973,0.0018510233685124285,,,-0.003542771651092444,-0.021610907071663906,-0.010274037788168088,-0.016651026760134486,-0.004959880311529421
,55,5.6,2.9,3.6,1.3,1,,0.37159089681774965,-0.07078494594100904,0.047649970040897466,0.48838024065033125,0.5383527436052781,2.571407545694756,0.9289985939999694,1,-0.07100140600003058,0.005041199653981178,,,-0.009366534781243293,-0.05245259477496244,-0.02716295086560555,-0.03371952521247586,-0.012176495215616282
,56,6.7,3.1,4.4,1.4,1,,0.372527550295874,-0.0655396864635128,0.050366265127458024,0.49175219317157887,0.5395703931268397,3.0086552732179808,0.9529636150391539,1,-0.047036384960846056,0.002212421510184905,,,-0.004216714400672382,-0.028251986484504964,-0.013071814642084385,-0.018553543362958485,-0.0059034001609413345
,57,5.6,3.0,4.5,1.5,1,,0.3729492217359412,-0.0627144878150623,0.051673446591666464,0.4936075475078747,0.5401607331429339,3.208243493246429,0.9611433186736101,1,-0.038856681326389864,0.0015098416837006148,,,-0.00290234849308752,-0.016253151561290112,-0.00870704547926256,-0.01306056821889384,-0.00435352273963128
,58,5.8,2.7,4.1,1.0,1,,0.37323945658524993,-0.06108917265893328,0.05254415113959272,0.4949136043297641,0.540596085416897,2.730533326409267,0.938804484286898,1,-0.061195515713102,0.0037448911433925138,,,-0.007031441197166362,-0.0407823589435649,-0.01898489123234918,-0.02882890890838208,-0.007031441197166362
,59,6.2,2.2,4.5,1.5,1,,0.37394260070496654,-0.05701093676457679,0.054442640262827635,0.4977964952206023,0.5412992295366136,3.192281674140442,0.960542787604484,1,-0.03945721239551603,0.0015568716100248638,,,-0.002990883592471127,-0.01854347827332099,-0.00657994390343648,-0.013458976166120072,-0.00448632538870669
,60,5.6,2.5,3.9,1.1,1,,0.3742416890642137,-0.05515658893724469,0.05510063465317128,0.49914239283721434,0.5417478620754842,2.74569435799674,0.9396697222539646,1,-0.06033027774603539,0.0036397424129137727,,,-0.006840311484437319,-0.038305744312848986,-0.0171007787110933,-0.026677214789305546,-0.007524342632881052
,61,5.9,3.2,4.8,1.8,1,,0.3749257202126574,-0.05132601450595979,0.05681071252428061,0.5018101143161449,0.5425002963387723,3.639085596832478,0.9743964090078356,1,-0.02560359099216436,0.0006555438716940399,,,-0.0012775191890515318,-0.0075373632154040375,-0.0040880614049649015,-0.006132092107447353,-0.0022995345402927574
,62,6.1,2.8,4.0,1.3,1,,0.37505347213156254,-0.05057227818441939,0.0572195186647771,0.5024233235268896,0.5427302497928016,2.942019846306181,0.9498849660181193,1,-0.05011503398188066,0.002511516631005054,TP,,-0.004771303779392354,-0.029104953054293357,-0.01335965058229859,-0.019085215117569415,-0.0062026949132100604
,63,6.3,2.5,4.9,1.5,1,,0.37553060250950177,-0.047661782878990054,0.05855548372300696,0.5043318450386465,0.5433505192841226,3.5079018992949336,0.9709117678881722,1,-0.02908823211182776,0.0008461252473915677,39,,-0.0016430259195995283,-0.010351063293477028,-0.00410756479899882,-0.00805082700603769,-0.0024645388793992926
,64,6.1,2.8,4.7,1.2,1,,0.3756949051014617,-0.04662667654964235,0.05896624020290684,0.5051369277392502,0.5435969731720626,3.2828375788977335,0.9638353228123809,1,-0.036164677187619065,0.0013078838760846947,FN,,-0.0025211693558144,-0.015379133070467838,-0.007059274196280319,-0.01184949597232768,-0.0030254032269772797
,65,6.4,2.9,4.3,1.3,1,,0.3759470220370431,-0.045088763242595566,0.05967216762253487,0.506321877336483,0.5438995134947603,3.1446816634798482,0.9586986523218377,1,-0.04130134767816229,0.0017058013200324418,1,,-0.0032706988532878274,-0.020932472661042097,-0.0094850266745347,-0.014064005069137657,-0.004251908509274175
,66,6.6,3.0,4.4,1.4,1,,0.3762740919223719,-0.04299551597649136,0.06062067028998834,0.5077282778433968,0.5443247043456877,3.270424705942403,0.9634001499325116,1,-0.03659985006748845,0.0013395490249626342,FP,,-0.002581043462981903,-0.01703488685568056,-0.00774313038894571,-0.011356591237120375,-0.003613460848174664
,67,6.8,2.8,4.8,1.4,1,,0.37653219626867007,-0.0412920272909233,0.061394983328882914,0.5088639369671089,0.5446860504305051,3.472759732056094,0.9699026836995792,1,-0.030097316300420784,0.0009058484484875747,37,,-0.0017571696824263973,-0.011948753840499501,-0.0049200751107939126,-0.008434414475646707,-0.0024600375553969563
,68,6.7,3.0,5.0,1.7,1,,0.3767079132369127,-0.04009715190687335,0.061886990839962304,0.5097073784146735,0.5449320541860448,3.768639352170392,0.9774373729071912,1,-0.022562627092808762,0.000509072141329148,TN,,-0.0009951722728820016,-0.006667654228309411,-0.002985516818646005,-0.004975861364410008,-0.0016917928638994027
,69,6.0,2.9,4.5,1.5,1,,0.3768074304642009,-0.03943038648404241,0.062185542521826905,0.5102049645511145,0.5451012334724348,3.434137375561912,0.9687545458747019,1,-0.03124545412529811,0.0009762784034961087,3,,-0.0018915482828523037,-0.011349289697113822,-0.00548549002027168,-0.008511967272835366,-0.0028373224242784554
,70,5.7,2.6,3.5,1.0,1,,0.37699658529248614,-0.03829545751433103,0.06273409152385408,0.511056161278398,0.5453849657148626,2.6559026456120756,0.9343738662110449,1,-0.0656261337889551,0.004306789436085834,Precision,,-0.008048302992704814,-0.045875327058417445,-0.02092558778103252,-0.02816906047446685,-0.008048302992704814
,71,5.5,2.4,3.8,1.1,1,,0.3778014155917566,-0.03370792480848928,0.06482665030195733,0.5138730673258447,0.5461897960141331,2.901518221323519,0.9479214370108218,1,-0.052078562989178234,0.002712176723017805,0.5131578947368421,,-0.005141860913420678,-0.02828023502381373,-0.012340466192209628,-0.019539071470998575,-0.005656047004762747
,72,5.5,2.4,3.7,1.0,1,,0.3783156016830987,-0.03087990130610791,0.0660606969211783,0.5158269744729446,0.5467554007146094,2.8223370233748373,0.9438710069995311,1,-0.05612899300046892,0.003150463855246689,Recall,,-0.005947262983134634,-0.03270994640724049,-0.01427343115952312,-0.022004873037598145,-0.005947262983134634
,73,5.8,2.7,3.9,1.2,1,,0.37891032798141216,-0.02760890666538386,0.06748804003713062,0.5180274617767043,0.5473501270129228,3.0781236307670925,0.9559812925183163,1,-0.04401870748168368,0.001937646608358035,0.975,,-0.0037047078182036925,-0.021487305345581416,-0.010002711109149971,-0.0144483604909944,-0.0044456493818444305
,74,6.0,2.7,5.1,1.6,1,,0.3792807987632325,-0.02546017613082572,0.06848831114804561,0.5194722978258037,0.5477946919511073,3.9372184081113715,0.9808706803464156,1,-0.019129319653584442,0.000365930870409012,F1-Score,,-0.0007178617236356873,-0.004307170341814124,-0.0019382266538163558,-0.003661094790542005,-0.0011485787578170996
,75,5.4,3.0,4.5,1.5,1,,0.3793525849355961,-0.025029459096644308,0.06868213381342725,0.519838407304858,0.547909549826889,3.6113770648661934,0.9736959729486196,1,-0.026304027051380352,0.0006919018391197494,0.6724137931034483,,-0.0013474040688532874,-0.007275981971807752,-0.004042212206559862,-0.006063318309839793,-0.002021106103279931
,76,6.0,3.4,4.5,1.6,1,,0.3794873253424814,-0.024301860899463533,0.06908635503408324,0.520444739135842,0.548111660437217,3.6875497498724195,0.9755780952882933,1,-0.024421904711706688,0.0005964294297476813,,,-0.0011637269740942518,-0.006982361844565511,-0.003956671711920456,-0.005236771383424133,-0.001861963158550803
,77,6.7,3.1,4.7,1.5,1,,0.37960369803989086,-0.02360362471500698,0.06948202220527529,0.5209684162741844,0.5482978567530721,3.7078520229039724,0.9760571645718832,1,-0.023942835428116815,0.0005732593683378857,,,-0.0011190678272482912,-0.0074977544425635515,-0.0034691102644697027,-0.005259618788066969,-0.0016786017408724368
,78,6.3,2.3,4.4,1.3,1,,0.3797156048226157,-0.022853849270750626,0.06982893323172226,0.5214943781529912,0.5484657169271593,3.403923596728316,0.9678269326150344,1,-0.032173067384965615,0.0010351062649575382,,,-0.002003607442688918,-0.012622726888940184,-0.004608297118184512,-0.00881587274783124,-0.002604689675495594
,79,5.6,3.0,4.1,1.3,1,,0.37991596556688456,-0.021591576581856606,0.07028976294354071,0.5223759654277743,0.5487261858947089,3.324957925456106,0.965275160196549,1,-0.03472483980345098,0.0012058144993753336,,,-0.0023278855681036935,-0.013036159181380683,-0.00698365670431108,-0.009544330829225142,-0.0030262512385348015
,80,5.5,2.5,4.0,1.3,1,,0.3801487541236949,-0.02028796066371854,0.07098812861397182,0.5233303985106968,0.5490288110185624,3.2530943403750907,0.9627841443676308,1,-0.03721585563236918,0.0013850199104493445,,0.45020333452826444,-0.00266695041882821,-0.014668227303555154,-0.006667376047070525,-0.01066780167531284,-0.003467035544476673
epoch 2,1,5.1,3.5,1.4,0.2,0,,0.38041544916557773,-0.018821137933363024,0.07165486621867886,0.5243971786782281,0.54937551457301,1.3792508305349236,0.798870653399236,1,0.798870653399236,0.6381943208625223,,,0.25671921351879484,1.3092679889458536,0.898517247315782,0.3594068989263128,0.05134384270375897
,2,4.9,3.0,1.4,0.2,0,,0.3547435278136982,-0.14974793682794837,-0.018196858512899344,0.48845648878559683,0.5442411303026341,0.3590753721784155,0.5888165893235203,1,0.5888165893235203,0.3467049758625832,,,0.28511866894736704,1.3970814778420986,0.8553560068421011,0.39916613652631383,0.05702373378947341
,3,4.7,3.2,1.3,0.2,0,,0.3262316609189615,-0.2894560846121582,-0.10373245919710947,0.44853987513296545,0.5385387569236868,-0.67534621713134,0.33730076891577515,0,0.33730076891577515,0.11377180871117315,,,0.15079298030391192,0.708727007428386,0.48253753697251817,0.19603087439508549,0.030158596060782385
,4,4.6,3.1,1.5,0.2,0,,0.3111523628885703,-0.3603287853549968,-0.1519862128943613,0.4289367876934569,0.5355228973176086,-1.067007548713228,0.25597258207810325,0,0.25597258207810325,0.0655219627757313,,,0.097500273562404,0.44850125838705834,0.3022508480434524,0.146250410343606,0.0195000547124808
,5,5.0,3.6,1.4,0.2,0,,0.30140233553232987,-0.40517891119370264,-0.18221129769870653,0.4143117466590963,0.5335728918463605,-1.6937018684595198,0.15528962853177877,0,0.15528962853177877,0.02411486872953784,,,0.040740159444870604,0.20370079722435303,0.14666457400153418,0.057036223222818844,0.008148031888974122
,6,5.4,3.9,1.7,0.4,0,,0.2973283195878428,-0.42554899091613796,-0.19687775509885996,0.4086081243368144,0.5327580886574631,-1.8607224294092868,0.13461886914359358,0,0.13461886914359358,0.018122239929499972,,,0.03136528896768362,0.16937256042549156,0.12232462697396611,0.05332099124506215,0.012546115587073449
,7,4.6,3.4,1.4,0.3,0,,0.29419179069107443,-0.4424862469586871,-0.20911021779625658,0.4032760252123082,0.5315034770987558,-1.7281822073993003,0.15082024305772235,0,0.15082024305772235,0.022746745715990446,,,0.03863215199666512,0.17770789918465954,0.1313493167886614,0.05408501279533117,0.011589645598999537
,8,5.0,3.4,1.5,0.2,0,,0.2903285754914079,-0.4602570368771531,-0.22224514947512272,0.3978675239327751,0.5303445125388558,-2.0637199287028407,0.11267338249714062,0,0.11267338249714062,0.012695291123346955,,,0.022529739461387057,0.11264869730693529,0.076601114168716,0.033794609192080584,0.004505947892277411
,9,4.4,2.9,1.4,0.2,0,,0.2880756015452692,-0.4715219066078466,-0.2299052608919943,0.39448806301356704,0.5298939177496281,-1.7950839723471201,0.14245054398106316,0,0.14245054398106316,0.02029215748050081,,,0.03480305721770814,0.15313345175791584,0.10092886593135361,0.04872428010479139,0.006960611443541629
,10,4.9,3.1,1.5,0.1,0,,0.28459529582349835,-0.4868352517836382,-0.23999814748512968,0.3896156350030879,0.529197856605274,-2.2075484569550716,0.09907468020891552,0,0.09907468020891552,0.009815792258498877,,,0.017686591558981904,0.08666429863901133,0.0548284338328439,0.026529887338472856,0.0017686591558981905
,11,5.4,3.7,1.5,0.2,0,,0.28282663666760016,-0.4955016816475393,-0.24548099086841407,0.3869626462692406,0.5290209906896841,-2.6149139429004467,0.06818473028578664,0,0.06818473028578664,0.0046491574441454705,,,0.008664311795520508,0.04678728369581075,0.03205795364342588,0.012996467693280762,0.0017328623591041017
,12,4.8,3.4,1.6,0.2,0,,0.2819602054880481,-0.5001804100171204,-0.24868678623275667,0.3856629994999125,0.5288477044537737,-2.241610495694888,0.09607558708867822,0,0.09607558708867822,0.009230518434434194,,,0.016687381913426124,0.08009943318444539,0.05673709850564882,0.0266998110614818,0.003337476382685225
,13,4.8,3.0,1.4,0.1,0,,0.2802914672967055,-0.508190353335565,-0.25436049608332156,0.3829930183937643,0.5285139568155052,-2.33306209553115,0.08842153739298919,0,0.08842153739298919,0.007818368274939785,,,0.014254112264330073,0.06841973886878434,0.04276233679299022,0.0199557571700621,0.0014254112264330075
,14,4.3,3.0,1.1,0.1,0,,0.2788660560702725,-0.5150323272224434,-0.2586367297626206,0.3809974426767581,0.5283714156928618,-2.239748811760376,0.0962373867811185,0,0.0962373867811185,0.009261634614458602,,,0.016740638203683107,0.07198474427583736,0.05022191461104932,0.01841470202405142,0.0016740638203683108
,15,5.8,4.0,1.2,0.2,0,,0.27719199224990415,-0.5222308016500271,-0.26365892122372553,0.37915597247435295,0.528204009310825,-3.245754373383767,0.03747974799401402,0,0.03747974799401402,0.0014047315096947979,,,0.002704165053424372,0.015684157309861356,0.010816660213697487,0.003244998064109246,0.0005408330106848744
,16,5.7,4.4,1.5,0.4,0,,0.2769215757445617,-0.5237992173810132,-0.2647405872450953,0.37883147266794204,0.5281499260097565,-3.0940853677998175,0.04335188809197423,0,0.04335188809197423,0.0018793862011390573,,,0.003595822521731353,0.020496188373868712,0.015821619095617953,0.005393733782597029,0.0014383290086925412
,17,5.4,3.9,1.3,0.4,0,,0.2765619934923886,-0.5258488362184001,-0.2663227491546571,0.3782920992896823,0.5280060931088872,-2.8986982774699928,0.05221794939515621,0,0.05221794939515621,0.002726714239035095,,,0.005168661625772217,0.027910772779169972,0.020157780340511643,0.006719260113503882,0.002067464650308887
,18,5.1,3.5,1.4,0.3,0,,0.27604512732981135,-0.528639913496317,-0.26833852718870826,0.3776201732783319,0.5277993466438563,-2.672195230079063,0.06463412564936216,0,0.06463412564936216,0.004177570198457535,,,0.007815113202682801,0.03985707733368228,0.027352896209389806,0.010941158483755922,0.0023445339608048404
,19,5.7,3.8,1.7,0.3,0,,0.2752636160095431,-0.5326256212296853,-0.27107381680964726,0.3765260574299563,0.5275648932477758,-2.992419163271064,0.04776952745336752,0,0.04776952745336752,0.0022819277531180336,,,0.004345842285337721,0.02477130102642501,0.01651420068428334,0.007387931885074126,0.0013037526856013164
,20,5.1,3.8,1.5,0.3,0,,0.2748290317810093,-0.5351027513323278,-0.2727252368780756,0.3757872642414489,0.5274345179792157,-2.768639648394611,0.059042544549829476,0,0.059042544549829476,0.0034860220669185983,,,0.006560396907461736,0.033458024228054856,0.024929508248354597,0.009840595361192604,0.0019681190722385207
,21,5.4,3.4,1.7,0.2,0,,0.27417299209026313,-0.5384485537551332,-0.27521818770291107,0.3748032047053297,0.5272377060719918,-2.8265780471638955,0.05590473229767391,0,0.05590473229767391,0.0031253390932745847,,,0.0059012356958512285,0.03186667275759664,0.020064201365894176,0.010032100682947088,0.0011802471391702458
,22,5.1,3.7,1.5,0.4,0,,0.27358286852067804,-0.5416352210308929,-0.2772246078395005,0.37379999463703495,0.5271196813580749,-2.742939943244245,0.06048661622506254,0,0.06048661622506254,0.003658630742357999,,,0.006874665097471549,0.0350607919971049,0.025436260860644735,0.010311997646207324,0.0027498660389886197
,23,4.6,3.6,1.0,0.2,0,,0.2728954020109309,-0.5451413002306034,-0.27976823392556494,0.3727687948724142,0.526844694754176,-2.7637824873586285,0.05931297019248348,0,0.05931297019248348,0.0035180284330544338,,,0.006618727434936734,0.030446146200708974,0.023827418765772244,0.006618727434936734,0.0013237454869873468
,24,5.1,3.3,1.7,0.5,0,,0.2722335292674372,-0.5481859148506742,-0.28215097580214216,0.37210692212892055,0.5267123202054772,-2.558674928896167,0.07184585322569269,0,0.07184585322569269,0.0051618266257277765,,,0.009581941575198531,0.0488679020335125,0.03162040719815515,0.0162893006778375,0.004790970787599266
,25,4.8,3.4,1.9,0.2,0,,0.27127533510991736,-0.5530727050540255,-0.2853130165219577,0.3704779920611368,0.5262332231267173,-2.5443830757825574,0.07280474277381986,0,0.07280474277381986,0.005300530570362076,,,0.009829253611244192,0.04718041733397212,0.033419462278230255,0.018675581861363963,0.0019658507222488383
,26,5.0,3.0,1.6,0.2,0,,0.27029240974879293,-0.5577907467874227,-0.2886549627497807,0.3686104338750004,0.5260366380544924,-2.6896421906267634,0.06358732040014564,0,0.06358732040014564,0.004043347315670778,,,0.0075724833888403025,0.03786241694420151,0.02271745016652091,0.012115973422144485,0.0015144966777680606
,27,5.0,3.4,1.6,0.4,0,,0.2695351614099089,-0.5615769884818428,-0.2909267077664328,0.367398836532786,0.5258851883867156,-2.7293083735980326,0.06126592785593935,0,0.06126592785593935,0.0037535139160491653,,,0.007047102806524466,0.03523551403262233,0.023960149542183184,0.011275364490439145,0.0028188411226097864
,28,5.2,3.5,1.5,0.2,0,,0.26883045112925646,-0.565100539885105,-0.29332272272065113,0.3662713000837421,0.5256033042744547,-3.0417942748150644,0.045573063056340055,0,0.045573063056340055,0.0020769040763371467,,,0.003964506391808529,0.020615433237404352,0.01387577237132985,0.005946759587712793,0.0007929012783617058
,29,5.2,3.4,1.4,0.2,0,,0.2684340004900756,-0.5671620832088454,-0.29471029995778414,0.3656766241249708,0.5255240141466185,-3.0657717754481038,0.04454142406359352,0,0.04454142406359352,0.001983938457612868,,,0.003791142026912523,0.01971393853994512,0.012889882891502578,0.005307598837677532,0.0007582284053825046
,30,4.7,3.2,1.6,0.2,0,,0.26805488628738433,-0.5691334770628399,-0.2959992882469344,0.36514586424120304,0.5254481913060803,-2.6647471572510124,0.0650858732422912,0,0.0650858732422912,0.004236170895711598,,,0.007920912027521258,0.03722828652934992,0.025346918488068026,0.012673459244034013,0.0015841824055042517
,31,4.8,3.1,1.6,0.2,0,,0.2672627950846322,-0.5728563057157748,-0.29853398009574117,0.3638785183167996,0.5252897730655299,-2.7206392267278994,0.061766411850695854,0,0.061766411850695854,0.0038150896329097812,,,0.007158890470792312,0.03436267425980309,0.022192560459456168,0.011454224753267699,0.0014317780941584624
,32,5.4,3.4,1.5,0.4,0,,0.26654690603755293,-0.5762925731417552,-0.3007532361416868,0.36273309584147284,0.5251465952561141,-3.1138357099450062,0.042540139501994444,0,0.042540139501994444,0.001809663468849148,,,0.0034653602648652844,0.018712945430272538,0.011782224900541967,0.0051980403972979265,0.0013861441059461138
,33,5.2,4.1,1.5,0.1,0,,0.2662003700110664,-0.5781638676847825,-0.301931458631741,0.36221329180174305,0.5250079808455195,-3.3823499865527737,0.03285164802282228,0,0.03285164802282228,0.0010792307778154033,,,0.00208755253633443,0.010855273188939037,0.008558965398971162,0.003131328804501645,0.000208755253633443
,34,5.5,4.2,1.4,0.2,0,,0.26599161475743294,-0.5792493950036763,-0.3027873551716381,0.3619001589212929,0.5249871053201561,-3.5799293059298254,0.027121582473300595,0,0.027121582473300595,0.0007355802358560461,,,0.0014312602716470928,0.007871931494059011,0.00601129314091779,0.00200376438030593,0.0002862520543294186
,35,4.9,3.1,1.5,0.2,0,,0.26584848873026823,-0.5800365881530822,-0.30338848448572986,0.3616997824832623,0.5249584801147232,-2.869293725377759,0.05369252625606261,0,0.05369252625606261,0.002882887375757973,,,0.005456195739283634,0.026735359122489807,0.016914206791779265,0.00818429360892545,0.0010912391478567268
,36,5.0,3.2,1.2,0.2,0,,0.2653028691563399,-0.5827101240653312,-0.3050799051649078,0.36088135312236974,0.5248493561999376,-3.086475952711189,0.04366856845441069,0,0.04366856845441069,0.0019069438708575522,,,0.0036473407237885805,0.018236703618942904,0.011671490316123459,0.004376808868546297,0.0007294681447577162
,37,5.5,3.5,1.3,0.2,0,,0.264938135083961,-0.5845337944272254,-0.30624705419652015,0.3604436722355151,0.5247764093854618,-3.4483303681703372,0.03081869037392668,0,0.03081869037392668,0.000949791676363961,,,0.0018410406815407346,0.010125723748474041,0.0064436423853925714,0.002393352886002955,0.0003682081363081469
,38,4.9,3.1,1.5,0.1,0,,0.26475403101580697,-0.5855463668020728,-0.3068914184350594,0.3602043369469148,0.524739588571831,-2.9630060991854794,0.049125394432703626,0,0.049125394432703626,0.0024133043781687084,,,0.00458949969741,0.022488548517309002,0.014227449061971001,0.006884249546115,0.000458949969741
,39,4.4,3.0,1.3,0.2,0,,0.26429508104606597,-0.5877952216538037,-0.3083141633412565,0.35951591199230326,0.524693693574857,-2.674636959949474,0.06448666390391797,0,0.06448666390391797,0.004158529821456877,,,0.007780720213052334,0.034235168937430276,0.023342160639157002,0.010114936276968035,0.001556144042610467
,40,5.1,3.4,1.5,0.2,0,,0.2635170090247607,-0.5912187385475467,-0.3106483794051722,0.35850441836460645,0.5245380791705959,-3.165238804164284,0.04049500826124244,0,0.04049500826124244,0.0016398456940780936,,,0.0031468802582984767,0.01604908931732223,0.01069939287821482,0.004720320387447715,0.0006293760516596954
,41,7.0,3.2,4.7,1.4,1,,0.26320232099893087,-0.592823647479279,-0.3117183186929937,0.35803238632586165,0.52447514156543,-2.46704441725045,0.07820102472594666,0,-0.9217989752740533,0.8497133508162947,,,-0.1328969095143041,-0.9302783666001287,-0.4252701104457732,-0.6246154747172293,-0.18605567332002573
,42,6.4,3.2,4.5,1.5,1,,0.27649201195036127,-0.49979581081926605,-0.26919130764841637,0.4204939337975846,0.5430807088974325,-1.0767695963325945,0.2541178272033367,0,-0.7458821727966634,0.5563402156958716,,,-0.2827519335969411,-1.8096123750204232,-0.9048061875102116,-1.2723837011862351,-0.4241279003954117
,43,6.9,3.1,4.9,1.5,1,,0.3047672053100554,-0.31883457331722376,-0.17871068889739522,0.5477323039162081,0.5854934989369737,1.1129340514341668,0.7526757045821031,1,-0.2473242954178969,0.061169307103959146,,,-0.09208130264654298,-0.6353609882611466,-0.2854520382042832,-0.45119838296806064,-0.13812195396981447
,44,5.5,2.3,4.0,1.3,1,,0.3139753355747097,-0.2552984744911091,-0.1501654850769669,0.5928521422130142,0.5993056943339551,1.7149590816827842,0.8474783941627335,1,-0.15252160583726648,0.023262840247178482,,,-0.03942950899268605,-0.21686229945977328,-0.09068787068317792,-0.1577180359707442,-0.051258361690491874
,45,6.5,2.8,4.6,1.5,1,,0.3179182864739783,-0.23361224454513177,-0.1410966980086491,0.6086239458100886,0.6044315305030042,2.110685388987318,0.8919374122481977,1,-0.10806258775180233,0.011677522871615978,,,-0.020831239063156596,-0.13540305391051788,-0.05832746937683846,-0.09582369969052033,-0.031246858594734896
,46,5.7,2.8,4.5,1.3,1,,0.32000141038029395,-0.22007193915408,-0.13526395107096525,0.6182063157791406,0.6075562163624777,2.2586037964806893,0.9053901015142194,1,-0.09460989848578061,0.008951032891489711,,,-0.016208353156565974,-0.09238761299242605,-0.045383388838384726,-0.07293758920454688,-0.021070859103535768
,47,6.3,3.3,4.7,1.6,1,,0.32162224569595055,-0.21083317785483738,-0.13072561218712678,0.6255000746995953,0.6096633022728313,2.4772903397175847,0.9225343743711134,1,-0.07746562562888659,0.006000923154074811,,,-0.01107211577518707,-0.06975432938367854,-0.03653798205811733,-0.05203894414337923,-0.017715385240299312
,48,4.9,2.4,3.3,1.0,1,,0.32272945727346924,-0.20385774491646952,-0.12707181398131503,0.6307039691139332,0.6114348407968612,1.7116120925004532,0.8470452631427623,1,-0.1529547368572377,0.02339515152706683,,,-0.039633504563018236,-0.19420417235878937,-0.09512041095124377,-0.13079056505796016,-0.039633504563018236
,49,6.6,2.9,4.6,1.3,1,,0.32669280772977105,-0.18443732768059057,-0.11755977288619066,0.6437830256197292,0.615398191253163,2.5299026701477865,0.926211701802417,1,-0.07378829819758304,0.005444712950895436,,,-0.010085913696149041,-0.06656703039458367,-0.029249149718832218,-0.046395203002285584,-0.013111687804993754
,50,5.2,2.7,3.9,1.4,1,,0.32770139909938595,-0.1777806246411322,-0.11463485791430743,0.6484225459199577,0.6167093600336624,2.4859690677318307,0.9231523271373817,1,-0.07684767286261829,0.005905564824399999,,,-0.010903471821411045,-0.05669805347133743,-0.029439373917809823,-0.04252354010350307,-0.015264860549975461
,51,5.0,2.0,3.5,1.0,1,,0.3287917462815271,-0.17211081929399846,-0.11169092052252645,0.652674899930308,0.6182358460886599,2.14745380461122,0.895430604731217,1,-0.10456939526878295,0.010934758426878965,,,-0.019582634701540008,-0.09791317350770004,-0.039165269403080016,-0.06853922145539003,-0.019582634701540008
,52,5.9,3.0,4.2,1.5,1,,0.33075000975168106,-0.16231950194322847,-0.10777439358221845,0.6595288220758471,0.6201941095588139,2.750053984596756,0.939916398600881,1,-0.06008360139911895,0.003610039157088208,,,-0.006786270006677018,-0.040038993039394406,-0.020358810020031055,-0.028502334028043478,-0.010179405010015527
,53,6.0,2.2,4.0,1.0,1,,0.33142863675234874,-0.15831560263928904,-0.10573851258021534,0.6623790554786514,0.6212120500598155,2.4196385652145618,0.9183126357736302,1,-0.0816873642263698,0.0066728254742516,,,-0.01225547989863482,-0.07353287939180893,-0.026962055776996608,-0.04902191959453928,-0.01225547989863482
,54,6.1,2.9,4.7,1.4,1,,0.3326541847422122,-0.15096231470010815,-0.10304230700251568,0.6672812474381054,0.622437598049679,3.120595874992903,0.9577343553167371,1,-0.04226564468326288,0.001786384720491828,,,-0.0034217640372558207,-0.020872760627260505,-0.00992311570804188,-0.01608229097510236,-0.004790469652158149
,55,5.6,2.9,3.6,1.3,1,,0.3329963611459378,-0.1488750386373821,-0.10204999543171149,0.6688894765356156,0.6229166450148949,2.421144912072214,0.9184255625091666,1,-0.08157443749083337,0.006654388851945882,,,-0.012223121649006246,-0.06844948123443498,-0.03544705278211811,-0.04400323793642249,-0.01589005814370812
,56,6.7,3.1,4.4,1.4,1,,0.33421867331083843,-0.1420300905139386,-0.09850529015349968,0.6732898003292579,0.6245056508292657,2.9140337000013075,0.9485358286960385,1,-0.051464171303961526,0.002648560928003497,,,-0.005024509869391492,-0.033664216124923,-0.015575980595113625,-0.022107843425322567,-0.007034313817148088
,57,5.6,3.0,4.5,1.5,1,,0.33472112429777756,-0.13866366890144632,-0.09694769209398832,0.6755005846717902,0.6252090822109805,3.24492775650724,0.9624904203848021,1,-0.03750957961519785,0.0014069685629088662,,,-0.0027083875271647112,-0.015166970152122383,-0.008125162581494134,-0.0121877438722412,-0.004062581290747067
,58,5.8,2.7,4.1,1.0,1,,0.33499196305049406,-0.1371469718862341,-0.0961351758358389,0.6767193590590144,0.6256153403400552,2.680139263835585,0.9358444854451803,1,-0.06415551455481971,0.004115930047793684,,,-0.007703740875411673,-0.04468169707738771,-0.02080010036361152,-0.031585337589187856,-0.007703740875411673
,59,6.2,2.2,4.5,1.5,1,,0.3357623371380352,-0.13267880217849531,-0.09405516579947774,0.6798778928179332,0.6263857144275964,3.305261488194607,0.964608870302191,1,-0.035391129697809,0.0012525320612871381,,,-0.0024164070733109218,-0.014981723854527715,-0.005316095561284029,-0.010873831829899148,-0.0036246106099663824
,60,5.6,2.5,3.9,1.1,1,,0.3360039778453663,-0.13118062979304254,-0.09352355624334933,0.6809652760009232,0.6267481754885931,2.712771129837008,0.9377760462576783,1,-0.0622239537423217,0.003871820419326591,,,-0.0072618008893116735,-0.040666084980145366,-0.018154502223279183,-0.028321023468315526,-0.007987980978242841
,61,5.9,3.2,4.8,1.8,1,,0.33673015793429745,-0.127114021295028,-0.09170810602102142,0.6837973783477547,0.6275469735864173,3.705103461551137,0.9759928477419918,1,-0.024007152258008202,0.0005763433595391883,,,-0.0011250139935076783,-0.006637582561695302,-0.0036000447792245704,-0.005400067168836856,-0.002025025188313821
,62,6.1,2.8,4.0,1.3,1,,0.3368426593336482,-0.12645026303885848,-0.09134810154309896,0.6843373850646384,0.6277494761052487,2.8631452296713107,0.9459942122573322,1,-0.05400578774266784,0.0029166251097060922,TP,,-0.00551822094621274,-0.033661147771897715,-0.015451018649395671,-0.02207288378485096,-0.007173687230076563
,63,6.3,2.5,4.9,1.5,1,,0.3373944814282695,-0.1230841482616687,-0.08980299967815938,0.6865446734431234,0.6284668448282563,3.644226015298048,0.974524340155837,1,-0.025475659844163,0.0006490092444954992,38,,-0.0012649506114940294,-0.007969188852412384,-0.0031623765287350737,-0.006198257996320744,-0.001897425917241044
,64,6.1,2.8,4.7,1.2,1,,0.3375209764894189,-0.12228722937642747,-0.08948676202528588,0.6871644992427555,0.6286565874199804,3.3250669949673384,0.9652788159147344,1,-0.03472118408526559,0.0012055606242829004,FN,,-0.002327404263842452,-0.014197166009438957,-0.006516731938758865,-0.010938800040059525,-0.0027928851166109424
,65,6.4,2.9,4.3,1.3,1,,0.3377537169158032,-0.12086751277548358,-0.08883508883140999,0.6882583792467614,0.6289358759316416,3.083707547013827,0.9562156722601686,1,-0.04378432773983143,0.001917067355628972,2,,-0.0036662597004615623,-0.023464062082954,-0.01063215313133853,-0.015764916711984718,-0.004766137610600031
,66,6.6,3.0,4.4,1.4,1,,0.33812034288584936,-0.11852110656718817,-0.08777187351827613,0.6898348709179598,0.6294124896927016,3.2090163365963846,0.9611721716458782,1,-0.038827828354121796,0.0015076002546971445,FP,,-0.002898126821562267,-0.01912763702231096,-0.008694380464686801,-0.012751758014873976,-0.004057377550187174
,67,6.8,2.8,4.8,1.4,1,,0.3384101555680056,-0.11660834286495708,-0.08690243547180745,0.6911100467194472,0.6298182274477203,3.5012203474453916,0.9707224718860564,1,-0.029277528113943574,0.0008571736524627564,2,,-0.0016641554535084925,-0.011316257083857749,-0.004659635269823778,-0.007987946176840763,-0.002329817634911889
,68,6.7,3.0,5.0,1.7,1,,0.33857657111335643,-0.1154767171565713,-0.08643647194482508,0.6919088413371313,0.6300512092112115,3.836204412674569,0.9788803268639776,1,-0.021119673136022366,0.0004460405933724248,TN,,-0.0008732407236700033,-0.005850712848589022,-0.00261972217101001,-0.004366203618350017,-0.0014845092302390056
,69,6.0,2.9,4.5,1.5,1,,0.33866389518572343,-0.1148916458717124,-0.08617449972772408,0.6923454616989663,0.6301996601342353,3.4602620385917504,0.969535707317063,1,-0.030464292682937044,0.0009280731286716515,38,,-0.0017996000744972586,-0.010797600446983552,-0.0052188402160420495,-0.008098200335237664,-0.002699400111745888
,70,5.7,2.6,3.5,1.0,1,,0.33884385519317317,-0.11381188582701404,-0.08565261570611987,0.6931552817324901,0.63046960014541,2.5239323913524068,0.9258026318391728,1,-0.07419736816082723,0.005505249441993338,Precision,,-0.01019354884465714,-0.058103228414545696,-0.026503226996108565,-0.035677420956299985,-0.01019354884465714
,71,5.5,2.4,3.8,1.1,1,,0.33986321007763887,-0.10800156298555948,-0.08300229300650902,0.6967230238281201,0.6314889550298757,2.88883445152116,0.9472917159189415,1,-0.05270828408105854,0.0027781632107695695,0.95,,-0.005263461990065562,-0.02894904094536059,-0.012632308776157349,-0.020001155562249136,-0.005789808189072119
,72,5.5,2.4,3.7,1.0,1,,0.3403895562766454,-0.10510665889102341,-0.08173906212889329,0.698723139384345,0.6320679358487828,2.783472734837532,0.9417761601884519,1,-0.058223839811548106,0.003390015522400814,Recall,,-0.006385271603331776,-0.03511899381832476,-0.015324651847996262,-0.02362550493232757,-0.006385271603331776
,73,5.8,2.7,3.9,1.2,1,,0.3410280834369786,-0.10159475950919093,-0.08020659694409366,0.7010856898775778,0.632706463009116,3.028702612668112,0.9538541001845001,1,-0.04614589981549988,0.0021294440697821517,0.95,,-0.004062357914150549,-0.02356167590207318,-0.010968366368206481,-0.015843195865187138,-0.004874829496980658
,74,6.0,2.7,5.1,1.6,1,,0.3414343192283937,-0.09923859191898361,-0.07910976030727301,0.7026700094640965,0.6331939459588141,4.129133776685849,0.9841581865371841,1,-0.01584181346281588,0.00025096305379065443,F1-Score,,-0.0004939746878128886,-0.0029638481268773314,-0.0013337316570947993,-0.0025192709078457314,-0.0007903595005006218
,75,5.4,3.0,4.5,1.5,1,,0.341483716697175,-0.09894220710629588,-0.07897638714156353,0.7029219365548811,0.6332729819088642,3.683324824258748,0.9754772319145818,1,-0.0245227680854182,0.0006013661545712054,0.9500000000000001,,-0.001173237983656472,-0.006335485111744949,-0.003519713950969416,-0.005279570926454124,-0.001759856975484708
,76,6.0,3.4,4.5,1.6,1,,0.34160104049554063,-0.09830865859512139,-0.07862441574646659,0.7034498936475265,0.6334489676064127,3.6634689449709557,0.9749977403097575,1,-0.0250022596902425,0.000625112989618325,,,-0.0012189675046322876,-0.007313805027793725,-0.004144489515749777,-0.005485353770845294,-0.0019503480074116602
,77,6.7,3.1,4.7,1.5,1,,0.34172293724600383,-0.09757727809234201,-0.0782099667948916,0.7039984290246111,0.6336440024071538,3.704762896989551,0.9759848667451391,1,-0.024015133254860932,0.0005767266252487274,,,-0.0011257529169835059,-0.00754254454378949,-0.003489834042648868,-0.005291038709822478,-0.0016886293754752588
,78,6.3,2.3,4.4,1.3,1,,0.34183551253770217,-0.09682302363796307,-0.07786098339062672,0.7045275328955933,0.6338128653447013,3.4766480715088157,0.9700159828793686,1,-0.029984017120631368,0.000899041282690315,,,-0.0017441688269559483,-0.010988263609822474,-0.004011588301998681,-0.007674342838606173,-0.0022674194750427327
,79,5.6,3.0,4.1,1.3,1,,0.34200992942039776,-0.09572419727698082,-0.07745982456042685,0.705294967179454,0.6340396072922055,3.289535805903653,0.9640680775168387,1,-0.03593192248316135,0.001291103053335916,,,-0.0024894224770113543,-0.013940765871263583,-0.007468267431034063,-0.010206632155746551,-0.0032362492201147607
,80,5.5,2.5,4.0,1.3,1,,0.3422588716680989,-0.09433012068985447,-0.07671299781732345,0.7063156303950286,0.634363232214217,3.2815954367891873,0.9637920007672404,1,-0.036207999232759636,0.0013110192084395224,,0.037529022748903976,-0.002527099651892422,-0.013899048085408322,-0.006317749129731055,-0.010108398607569688,-0.003285229547460149
epoch 3,1,5.1,3.5,1.4,0.2,0,,0.3425115816332881,-0.09294021588131364,-0.07608122290435035,0.7073264702557857,0.634691755168963,0.7194276098652548,0.6724809604069547,1,0.6724809604069547,0.4522306421098602,,,0.2962282911567352,1.5107642848993494,1.0367990190485732,0.4147196076194293,0.059245658231347045
,2,4.9,3.0,1.4,0.2,0,,0.31288875251761455,-0.2440166443712486,-0.17976112480920767,0.6658545094938427,0.6287671893458283,-0.36412642816858115,0.4099610423358012,0,0.4099610423358012,0.1680680562330566,,,0.19833340143280132,0.9718336670207265,0.595000204298404,0.27766676200592183,0.039666680286560264
,3,4.7,3.2,1.3,0.2,0,,0.2930554123743344,-0.34120001107332126,-0.23926114523904807,0.6380878332932506,0.6248005213171723,-1.1217460168905689,0.24568755899001427,0,0.24568755899001427,0.06036237664247174,,,0.09106418334069401,0.42800166170126186,0.2914053866902208,0.11838343834290221,0.0182128366681388
,4,4.6,3.1,1.5,0.2,0,,0.283948994040265,-0.3840001772434475,-0.2684016839080702,0.6262494894589603,0.6229792376503585,-1.2505269596760986,0.22260893291247583,0,0.22260893291247583,0.04955473701243116,,,0.07704681977067097,0.35441537094508646,0.23884514128908002,0.11557022965600647,0.015409363954134196
,5,5.0,3.6,1.4,0.2,0,,0.27624431206319794,-0.41944171433795613,-0.2922861980369782,0.6146924664933596,0.621438301254945,-1.8883374592180118,0.13143414751472404,0,0.13143414751472404,0.01727493513292224,,,0.0300088375207089,0.1500441876035445,0.10803181507455203,0.04201237252899246,0.00600176750414178
,6,5.4,3.9,1.7,0.4,0,,0.273243428311127,-0.4344461330983106,-0.3030893795444334,0.6104912292404604,0.6208381245045309,-1.968643931132445,0.12253461657392953,0,0.12253461657392953,0.015014732258919925,,,0.026349815597225924,0.14228900422502,0.1027642808291811,0.044794686515284066,0.01053992623889037
,7,4.6,3.4,1.4,0.3,0,,0.27060844675140444,-0.4486750335208126,-0.3133658076273515,0.606011760588932,0.6197841318806419,-1.824388748988631,0.13890809075411786,0,0.13890809075411786,0.019295457676954245,,,0.03323032498164329,0.15285949491555914,0.11298310493758719,0.04652245497430061,0.009969097494492988
,8,5.0,3.4,1.5,0.2,0,,0.2672854142532401,-0.46396098301236854,-0.32466411812111023,0.601359515091502,0.6187872221311925,-2.130580785356886,0.10615986837411527,0,0.10615986837411527,0.01126991765320948,,,0.020147009357115286,0.10073504678557643,0.06849983181419197,0.030220514035672927,0.004029401871423057
,9,4.4,2.9,1.4,0.2,0,,0.26527071331752855,-0.4740344876909262,-0.33151410130252945,0.5983374636879347,0.6183842819440503,-1.820522620747964,0.13937117443360142,0,0.13937117443360142,0.019424324263001353,,,0.03343426675577551,0.14711077372541226,0.09695937359174897,0.04680797345808571,0.006686853351155102
,10,4.9,3.1,1.5,0.1,0,,0.261927286641951,-0.48874556506346745,-0.34121003866170435,0.5936566663421261,0.6177155966089347,-2.2384205428462405,0.09635297594309394,0,0.09635297594309394,0.00928389597309044,,,0.016778729935474142,0.0822157766838233,0.05201406279996984,0.025168094903211213,0.0016778729935474142
,11,5.4,3.7,1.5,0.2,0,,0.26024941364840354,-0.4969671427318498,-0.34641144494170134,0.591139856851805,0.61754780930958,-2.694876156248257,0.06327638024174767,0,0.06327638024174767,0.004003900296498235,,,0.007501095957773933,0.040505918171979245,0.027754055043763555,0.0112516439366609,0.0015002191915547867
,12,4.8,3.4,1.6,0.2,0,,0.25949930405262617,-0.5010177345490477,-0.3491868504460777,0.590014692458139,0.6173977873904245,-2.2651180478883597,0.0940533667642863,0,0.0940533667642863,0.008846035799697356,,,0.016028072700436827,0.07693474896209677,0.05449544718148521,0.025644916320698926,0.0032056145400873657
,13,4.8,3.0,1.4,0.1,0,,0.2578964967825825,-0.5087112094452574,-0.35463639516422624,0.5874502008260691,0.6170772259364158,-2.3636884902971933,0.08598387064294216,0,0.08598387064294216,0.007393226010742211,,,0.013515055643601035,0.06487226708928497,0.04054516693080311,0.018921077901041448,0.0013515055643601036
,14,4.3,3.0,1.1,0.1,0,,0.2565449912182224,-0.5151984361541859,-0.35869091185730656,0.585558093035965,0.6169420753799798,-2.329072909939137,0.08874360676053576,0,0.08874360676053576,0.007875427740868609,,,0.014353067756723901,0.06171819135391277,0.0430592032701717,0.01578837453239629,0.0014353067756723902
,15,5.8,4.0,1.2,0.2,0,,0.25510968444255,-0.5213702552895773,-0.3629968321843237,0.5839792555827253,0.6167985447024126,-3.3966903093345397,0.03239906096696912,0,0.03239906096696912,0.0010496991515413822,,,0.0020313797694672345,0.01178200266290996,0.008125519077868938,0.002437655723360681,0.0004062759538934469
,16,5.7,4.4,1.5,0.4,0,,0.2549065464656033,-0.5225484555558683,-0.3638093840921106,0.5837354900103893,0.6167579171070232,-3.2020745383497395,0.03908772884052727,0,0.03908772884052727,0.0015278505459105872,,,0.0029362606761263654,0.016736685853920283,0.012919546974956009,0.004404391014189548,0.0011745042704505463
,17,5.4,3.9,1.3,0.4,0,,0.25461292039799066,-0.5242221241412602,-0.3651013387896062,0.5832950509089703,0.6166404666799782,-2.9951420183906268,0.04764582370967627,0,0.04764582370967627,0.0022701245169735496,,,0.0043239251288776275,0.02334919569593919,0.016863308002622746,0.005621102667540916,0.0017295700515510511
,18,5.1,3.5,1.4,0.3,0,,0.2541805278851029,-0.5265570437108542,-0.36678766958986847,0.5827329406422161,0.6164675096748231,-2.714250868803244,0.06213766373080125,0,0.06213766373080125,0.003861089253922133,,,0.007242340376454619,0.036935935919918554,0.025348191317591168,0.010139276527036466,0.002172702112936386
,19,5.7,3.8,1.7,0.3,0,,0.25345629384745744,-0.530250637302846,-0.3693224887216276,0.5817190129895125,0.6162502394635295,-2.99860040199972,0.047489142405968715,0,0.047489142405968715,0.002255218646454376,,,0.0042962404939926166,0.024488570815757914,0.01632571387717194,0.0073036088397874475,0.001288872148197785
,20,5.1,3.8,1.5,0.3,0,,0.25302666979805816,-0.5326994943844219,-0.3709550601093448,0.5809886521055337,0.6161213522487098,-2.81705059614509,0.05640971820514966,0,0.05640971820514966,0.0031820563079843927,,,0.006005114816676148,0.030626085565048356,0.022819436303369363,0.009007672225014222,0.0018015344450028445
,21,5.4,3.4,1.7,0.2,0,,0.25242615831639054,-0.5357621029409267,-0.37323700373968177,0.5800878848830323,0.6159411988042095,-2.800357366217535,0.057304867556930233,0,0.057304867556930233,0.003283847845717315,,,0.006191334759682748,0.03343320770228684,0.021050538182921342,0.010525269091460671,0.0012382669519365496
,22,5.1,3.7,1.5,0.4,0,,0.2518070248404223,-0.5391054237111554,-0.3753420575579739,0.5790353579738863,0.6158173721090159,-2.7715162632465375,0.05888293240458084,0,0.05888293240458084,0.0034671997285624363,,,0.0065260816826246265,0.03328301658138559,0.02414650222571112,0.00978912252393694,0.002610432673049851
,23,4.6,3.6,1.0,0.2,0,,0.2511544166721598,-0.542433725369294,-0.377756707780545,0.5780564457214926,0.6155563288417109,-2.902797156546719,0.052015462735310596,0,0.052015462735310596,0.002705608363568485,,,0.005129749785113888,0.023596849011523886,0.01846709922641,0.005129749785113888,0.0010259499570227776
,24,5.1,3.3,1.7,0.5,0,,0.25064144169364844,-0.5447934102704464,-0.379603417703186,0.5775434707429812,0.6154537338460085,-2.4909454619200693,0.07649537954518487,0,0.07649537954518487,0.005851543091761888,,,0.010807854164065116,0.055120056236732086,0.03566591874141488,0.018373352078910696,0.005403927082032558
,25,4.8,3.4,1.9,0.2,0,,0.24956065627724192,-0.5503054158941195,-0.3831700095773275,0.5757061355350901,0.6149133411378053,-2.477859046833213,0.07742499290914175,0,0.07742499290914175,0.00599462952698065,,,0.011060990756722483,0.05309275563226792,0.03760736857285644,0.021015882437772717,0.0022121981513444967
,26,5.0,3.0,1.6,0.2,0,,0.24845455720156967,-0.5556146914573463,-0.3869307464346131,0.5736045472913128,0.6146921213226708,-2.6497054394583666,0.06600716689233078,0,0.06600716689233078,0.004356946081152009,,,0.008138712828065045,0.040693564140325225,0.024416138484195132,0.013021940524904073,0.001627742565613009
,27,5.0,3.4,1.6,0.4,0,,0.24764068591876318,-0.5596840478713788,-0.3893723602830326,0.5723023532388224,0.6145293470661095,-2.7131500743918817,0.06220184518704942,0,0.06220184518704942,0.0038690695446736635,,,0.0072568125596758895,0.036284062798379445,0.024673162702898023,0.011610900095481424,0.002902725023870356
,28,5.2,3.5,1.5,0.2,0,,0.2469150046627956,-0.5633124541512168,-0.3918396765533224,0.5711412632292743,0.6142390745637225,-3.074188915103505,0.044184581881708804,0,0.044184581881708804,0.0019522772760614299,,,0.0037320334418029883,0.01940657389737554,0.013062117046310459,0.005598050162704482,0.0007464066883605977
,29,5.2,3.4,1.4,0.2,0,,0.24654180131861528,-0.5652531115409544,-0.39314588825795344,0.5705814582130039,0.6141644338948864,-3.107823470494207,0.04278569550414375,0,0.04278569550414375,0.001830615739773307,,,0.0035045831442925466,0.018223832350321243,0.011915582690594659,0.004906416402009565,0.0007009166288585093
,30,4.7,3.2,1.6,0.2,0,,0.24619134300418602,-0.5670754947759865,-0.3943374465270129,0.5700908165728029,0.6140943422320005,-2.6459791363665075,0.06623726614845105,0,0.06623726614845105,0.004387375426820739,,,0.00819353534596248,0.03850961612602365,0.026219313107079936,0.013109656553539968,0.001638707069192496
,31,4.8,3.1,1.6,0.2,0,,0.24537198946958977,-0.5709264563885889,-0.3969593778377209,0.5687798509174489,0.6139304715250813,-2.692815216719637,0.063398647243105,0,0.063398647243105,0.004019388472255665,,,0.007529129360740251,0.036139820931553206,0.02334030101829478,0.012046606977184402,0.0015058258721480503
,32,5.4,3.4,1.5,0.4,0,,0.24461907653351575,-0.5745404384817442,-0.39929340793955037,0.5675751902197305,0.6137798889378665,-3.118622137357632,0.0423456123427228,0,0.0423456123427228,0.0017931508846801576,,,0.003434437624890962,0.018545963174411196,0.011677087924629272,0.005151656437336443,0.001373775049956385
,33,5.2,4.1,1.5,0.1,0,,0.24427563277102665,-0.5763950347991853,-0.4004611167320133,0.5670600245759968,0.6136425114328709,-3.4829148387787088,0.02980228423149262,0,0.02980228423149262,0.0008881761454146735,,,0.0017234129349627877,0.008961747261806496,0.0070659930333474286,0.0025851194024441816,0.00017234129349627878
,34,5.5,4.2,1.4,0.2,0,,0.24410329147753038,-0.577291209525366,-0.401167716035348,0.5668015126357524,0.6136252773035212,-3.6996555951096863,0.0241351317283571,0,0.0241351317283571,0.0005825045835451497,,,0.0011368915173778312,0.006252903345578072,0.004774944372986891,0.0015916481243289636,0.00022737830347556627
,35,4.9,3.1,1.5,0.2,0,,0.2439896023257926,-0.5779164998599238,-0.4016452104726467,0.5666423478233195,0.6136025394731737,-2.860217369823425,0.05415556512419237,0,0.05415556512419237,0.0029328252339206407,,,0.005547992851934354,0.027185164974478336,0.017198777840996497,0.00832198927790153,0.0011095985703868708
,36,5.0,3.2,1.2,0.2,0,,0.24343480304059914,-0.5806350163573716,-0.40336508825674633,0.5658101488955293,0.613491579616135,-3.148838066569985,0.04113708603422048,0,0.04113708603422048,0.0016922598473868575,,,0.003245290416905295,0.016226452084526475,0.010384929334096946,0.0038943485002863537,0.0006490580833810591
,37,5.5,3.5,1.3,0.2,0,,0.2431102739989086,-0.5822576615658243,-0.404403581190156,0.5654207140455006,0.6134266738077969,-3.5169871357579607,0.028832740730349412,0,0.028832740730349412,0.00083132693802355,,,0.0016147150079147234,0.008880932543530978,0.005651502527701532,0.0020991295102891407,0.00032294300158294473
,38,4.9,3.1,1.5,0.1,0,,0.24294880249811715,-0.5831457548201774,-0.40496873144292617,0.5652108010944717,0.6133943795076386,-2.9607128240013516,0.04923262894091584,0,0.04923262894091584,0.0024238517524339037,,,0.004609038316997074,0.022584287753285665,0.014288018782690929,0.006913557475495611,0.0004609038316997074
,39,4.4,3.0,1.3,0.2,0,,0.24248789866641746,-0.585404183595506,-0.40639753332119527,0.5645194453469222,0.6133482891244687,-2.695938172341502,0.06321346110244251,0,0.06321346110244251,0.0039959416645500125,,,0.007486688723140702,0.03294143038181909,0.022460066169422106,0.009732695340082913,0.0014973377446281405
,40,5.1,3.4,1.5,0.2,0,,0.2417392297941034,-0.5886983266336878,-0.40864353993813746,0.5635461758129139,0.6131985553500059,-3.182051297038,0.03984677923080124,0,0.03984677923080124,0.0015877658150682129,,,0.0030489969223299533,0.015549884303882761,0.01036658953592184,0.00457349538349493,0.0006097993844659907
,41,7.0,3.2,4.7,1.4,1,,0.2414343301018704,-0.5902533150640761,-0.40968019889172963,0.5630888262745644,0.6131375754115593,-1.6964054227335614,0.154935320859703,0,-0.845064679140297,0.7141343119304931,,,-0.22128925751174838,-1.5490248025822386,-0.7081256240375948,-1.0400595103052175,-0.30980496051644774
,42,6.4,3.2,4.5,1.5,1,,0.26356325585304524,-0.43535083480585224,-0.33886763648797014,0.6670947773050862,0.6441180714632041,0.3610450814017803,0.5892933952336933,1,-0.4107066047663067,0.16867991519866726,,,-0.1988039198703082,-1.2723450871699726,-0.6361725435849863,-0.894617639416387,-0.2982058798054623
,43,6.9,3.1,4.9,1.5,1,,0.2834436478400761,-0.308116326088855,-0.2752503821294715,0.7565565412467249,0.6739386594437503,2.0221998545001925,0.8831082872474584,1,-0.11689171275254162,0.0136636725102227,,,-0.0241330048560259,-0.16651773350657872,-0.07481231505368029,-0.11825172379452692,-0.03619950728403885
,44,5.5,2.3,4.0,1.3,1,,0.28585694832567865,-0.2914645527381971,-0.2677691506241035,0.7683817136261776,0.6775586101721542,2.0212859095586673,0.8830139094633987,1,-0.11698609053660125,0.013685745379037864,,,-0.024169407062129736,-0.13293173884171355,-0.05558963624289839,-0.09667762824851894,-0.03142022918076866
,45,6.5,2.8,4.6,1.5,1,,0.2882738890318916,-0.27817137885402576,-0.2622101869998137,0.7780494764510295,0.6807006330902311,2.3460499441913276,0.9126197435449698,1,-0.08738025645503023,0.007635309218146851,,,-0.013936267881103446,-0.0905857412271724,-0.03902155006708965,-0.06410683225307584,-0.02090440182165517
,46,5.7,2.8,4.5,1.3,1,,0.28966751582000194,-0.2691128047313085,-0.2583080319931047,0.7844601596763371,0.6827910732723966,2.450161153068483,0.9205732348295795,1,-0.07942676517042047,0.006308611025437117,,,-0.011615076917936397,-0.06620593843223746,-0.03252221537022191,-0.05226784613071379,-0.015099599993317317
,47,6.3,3.3,4.7,1.6,1,,0.29082902351179557,-0.2624922108880848,-0.2550558104560825,0.7896869442894084,0.6843010332717283,2.6018542118067747,0.930980818279921,1,-0.06901918172007904,0.004763647445309292,,,-0.0088697287932622,-0.05587929139755186,-0.029270105017765256,-0.041687725328332335,-0.01419156606921952
,48,4.9,2.4,3.3,1.0,1,,0.2917159963911218,-0.2569042817483296,-0.252128799954306,0.7938557168222417,0.6857201898786502,1.73321995132602,0.8498238240990496,1,-0.15017617590095045,0.02255288380823321,,,-0.03833195592474857,-0.187826584031268,-0.09199669421939656,-0.12649545455167027,-0.03833195592474857
,49,6.6,2.9,4.6,1.3,1,,0.29554919198359664,-0.23812162334520276,-0.24292913053236634,0.8065052622774087,0.6895533854711251,2.6257956069499384,0.9325034022385211,1,-0.06749659776147887,0.0045557907093748745,,,-0.008496580672757433,-0.056077432440199054,-0.024640083950996556,-0.03908427109468419,-0.011045554874584664
,50,5.2,2.7,3.9,1.4,1,,0.29639885005087235,-0.23251388010118285,-0.24046512213726667,0.8104136893868771,0.6906579409585836,2.565605349704939,0.9286149260306267,1,-0.07138507396937332,0.005095828785612901,,,-0.009464125341633324,-0.04921345177649329,-0.025553138422409978,-0.036910088832369965,-0.013249775478286653
,51,5.0,2.0,3.5,1.0,1,,0.2973452625850357,-0.2275925349235335,-0.23790980829502567,0.8141046982701141,0.6919829185064122,2.2249123338291286,0.9024644466474059,1,-0.09753555335259412,0.009513184167796734,,,-0.017170620971691083,-0.08585310485845542,-0.034341241943382166,-0.06009717340091879,-0.017170620971691083
,52,5.9,3.0,4.2,1.5,1,,0.2990623246822048,-0.21900722443768797,-0.23447568410068745,0.820114415610206,0.6936999806035814,2.788523164666021,0.9420524774749824,1,-0.05794752252501756,0.0033579153667874172,,,-0.006326664980866802,-0.037327323387114135,-0.018979994942600407,-0.026571992919640568,-0.009489997471300204
,53,6.0,2.2,4.0,1.0,1,,0.29969499118029147,-0.21527449209897656,-0.23257768460642742,0.8227716149021701,0.6946489803507114,2.4821125724116833,0.9228782923761559,1,-0.07712170762384407,0.005947757786817689,,,-0.010978113099530586,-0.06586867859718351,-0.024151848818967293,-0.043912452398122345,-0.010978113099530586
,54,6.1,2.9,4.7,1.4,1,,0.30079280249024454,-0.2086876242392582,-0.23016249972453068,0.8271628601419824,0.6957467916606644,3.2220379964218777,0.9616552352284472,1,-0.0383447647715528,0.0014703209853857164,,,-0.002827883746124847,-0.017250090851361567,-0.008200862863762056,-0.013291053606786781,-0.003959037244574785
,55,5.6,2.9,3.6,1.3,1,,0.301075590864857,-0.20696261515412206,-0.22934241343815448,0.828491965502661,0.696142695385122,2.3645485268413635,0.9140836961208765,1,-0.08591630387912352,0.007381611272249896,,,-0.01349482103013142,-0.07557099776873595,-0.03913498098738112,-0.04858135570847311,-0.01754326733917085
,56,6.7,3.1,4.4,1.4,1,,0.3024250729678702,-0.19940551537724846,-0.22542891533941636,0.8333501010735084,0.697897022119039,2.911374758078207,0.9484058759139918,1,-0.051594124086008164,0.002661953640202408,,,-0.005049224947557208,-0.03382980714863329,-0.015652597337427344,-0.022216589769251716,-0.00706891492658009
,57,5.6,3.0,4.5,1.5,1,,0.3029299954626259,-0.19602253466238512,-0.22386365560567362,0.8355717600504335,0.698603913611697,3.3415916251807447,0.9658284110969191,1,-0.03417158890308092,0.001167697488161163,,,-0.0022555908192651193,-0.012631308587884667,-0.006766772457795358,-0.010150158686693037,-0.003383386228897679
,58,5.8,2.7,4.1,1.0,1,,0.3031555545445524,-0.19475940380359666,-0.2231869783598941,0.8365867759191028,0.6989422522345868,2.6998942044148855,0.9370204008988907,1,-0.06297959910110928,0.003966429902936446,,,-0.0074332514755737124,-0.043112858558327534,-0.020069778984049026,-0.03047633104985222,-0.0074332514755737124
,59,6.2,2.2,4.5,1.5,1,,0.30389887969210977,-0.1904481179477639,-0.2211800004614892,0.839634409024088,0.6996855773821442,3.4644077540823095,0.9696579180143332,1,-0.03034208198566679,0.0009206419392249252,,,-0.0017854154920510384,-0.011069576050716439,-0.0039279140825122846,-0.008034369714229673,-0.0026781232380765577
,60,5.6,2.5,3.9,1.1,1,,0.30407742124131487,-0.18934116034269224,-0.22078720905323795,0.840437845995511,0.6999533897059519,2.7394552287481835,0.9393150509084582,1,-0.06068494909154176,0.003682663046243015,,,-0.006918361653520912,-0.038742825259717104,-0.017295904133802283,-0.02698161044873156,-0.007610197818873004
,61,5.9,3.2,4.8,1.8,1,,0.30476925740666694,-0.18546687781672053,-0.21905761863985773,0.8431360070403842,0.7007144094878391,3.817869069512425,0.9784979217467488,1,-0.021502078253251233,0.0004623393692089396,,,-0.0009047962238253003,-0.005338297720569272,-0.002895347916240961,-0.004343021874361442,-0.0016286332028855406
,62,6.1,2.8,4.0,1.3,1,,0.30485973702904945,-0.1849330480446636,-0.21876808384823362,0.8435703092278203,0.7008772728081277,2.8496392007433946,0.9453000296151803,1,-0.05469997038481966,0.0029920867601001483,TP,,-0.005656839405867718,-0.03450672037579308,-0.01583915033642961,-0.022627357623470873,-0.007353891227628034
,63,6.3,2.5,4.9,1.5,1,,0.3054254209696362,-0.18148237600708428,-0.21718416881459066,0.8458330449901673,0.7016126619308906,3.8161269434366845,0.9784612372979977,1,-0.02153876270200228,0.0004639182987331645,39,,-0.0009078521451672685,-0.005719468514553791,-0.002269630362918171,-0.004448475511319616,-0.0013617782177509027
,64,6.1,2.8,4.7,1.2,1,,0.3055162061841529,-0.1809104291556289,-0.21695720577829883,0.8462778925412993,0.7017488397526657,3.4140871148028853,0.9681419035209667,1,-0.03185809647903326,0.0010149383112673914,FN,,-0.0019652086172535356,-0.011987772565246566,-0.0055025841283099,-0.009236480501091618,-0.0023582503407042427
,65,6.4,2.9,4.3,1.3,1,,0.30571272704587826,-0.17971165189910426,-0.21640694736546784,0.8472015405914084,0.701984664786736,3.083524696297567,0.956208016162974,1,-0.04379198383702598,0.001917737848382345,1,,-0.0036675126070446645,-0.023472080685085855,-0.010635786560429527,-0.015770304210292057,-0.004767766389158064
,66,6.6,3.0,4.4,1.4,1,,0.3060794783065827,-0.17736444383059569,-0.2153433687094249,0.8487785710124376,0.7024614414256518,3.2075157733470148,0.9611161315128682,1,-0.03888386848713177,0.001511955228524559,FP,,-0.0029063291205203576,-0.01918177219543436,-0.008718987361561074,-0.012787848130289575,-0.004068860768728501
,67,6.8,2.8,4.8,1.4,1,,0.3063701112186348,-0.17544626661105225,-0.21447146997326877,0.8500573558254666,0.7028683275025247,3.577106348804101,0.9728038314570954,1,-0.02719616854290463,0.0007396315834140753,1,,-0.0014390328764237814,-0.009785423559681714,-0.004029292053986588,-0.006907357806834151,-0.002014646026993294
,68,6.7,3.0,5.0,1.7,1,,0.30651401450627713,-0.17446772425508408,-0.2140685407678701,0.8507480916061501,0.703069792105224,3.9443337443032345,0.9810037323593733,1,-0.018996267640626674,0.0003608581842743201,TN,,-0.000708006451251069,-0.004743643223382162,-0.002124019353753207,-0.0035400322562553453,-0.0012036109671268174
,69,6.0,2.9,4.5,1.5,1,,0.30658481515140223,-0.17399335993274587,-0.21385613883249477,0.8511020948317756,0.7031901532019367,3.5271865094865875,0.9714514877981606,1,-0.028548512201839404,0.0008150175489385733,39,,-0.0015835000209959745,-0.009501000125975847,-0.004592150060888326,-0.007125750094481885,-0.0023752500314939617
,70,5.7,2.6,3.5,1.0,1,,0.3067431651535018,-0.1730432599201483,-0.21339692382640593,0.8518146698412238,0.7034276782050861,2.4503436043093707,0.920586574303905,1,-0.079413425696095,0.006306492180789201,Precision,,-0.011611344065174188,-0.06618466117149287,-0.03018949456945289,-0.040639704228109655,-0.011611344065174188
,71,5.5,2.4,3.8,1.1,1,,0.30790429956001925,-0.16642479380299902,-0.21037797436946065,0.8558786402640347,0.7045888126116036,2.9150473220329145,0.9485852867840555,1,-0.051414713215944485,0.0026434727350778163,0.975,,-0.005015118685019244,-0.027583152767605843,-0.012036284844046187,-0.019057451003073128,-0.005516630553521169
,72,5.5,2.4,3.7,1.0,1,,0.3084058114285212,-0.16366647852623842,-0.20917434588505604,0.857784385364342,0.7051404756669557,2.7851644509250963,0.9418688541532912,1,-0.058131145846708754,0.0033792301174513243,Recall,,-0.006365583197288341,-0.03501070758508588,-0.015277399673492018,-0.023552657829966864,-0.006365583197288341
,73,5.8,2.7,3.9,1.2,1,,0.30904236974825,-0.16016540776772983,-0.20764660591770684,0.8601396511473387,0.7057770339866846,3.020914248976251,0.9535100696853571,1,-0.04648993031464288,0.002161313620660351,0.975,,-0.0041216686020955256,-0.02390567789215405,-0.01112850522565792,-0.01607450754817255,-0.00494600232251463
,74,6.0,2.7,5.1,1.6,1,,0.30945453660845956,-0.15777483997851444,-0.20653375539514104,0.861747101902156,0.706271634218936,4.330109191621785,0.987004984024256,1,-0.01299501597574404,0.0001688704402098428,F1-Score,,-0.00033335193228296997,-0.00200011159369782,-0.000900050217164019,-0.0017000948546431467,-0.0005333630916527519
,75,5.4,3.0,4.5,1.5,1,,0.30948787180168785,-0.15757482881914464,-0.20644375037342463,0.8619171113876203,0.7063249705281013,3.777367002094476,0.9776290487026286,1,-0.022370951297371433,0.0005004594619493646,0.975,,-0.0009785274153995733,-0.0052840480431576966,-0.00293558224619872,-0.00440337336929808,-0.00146779112309936
,76,6.0,3.4,4.5,1.6,1,,0.3095857245432278,-0.15704642401482888,-0.20615019214880476,0.8623574487245501,0.7064717496404113,3.6773598458334518,0.9753341358417353,1,-0.02466586415826466,0.0006084048546739653,,,-0.0011867960463506969,-0.007120776278104181,-0.004035106557592369,-0.005340582208578136,-0.001898873674161115
,77,6.7,3.1,4.7,1.5,1,,0.3097044041478629,-0.15633434638701846,-0.2057466814930455,0.862891506945408,0.7066616370078274,3.740032108881557,0.9767977895769455,1,-0.02320221042305448,0.000538342568515698,,,-0.0010517036619226185,-0.0070464145348815435,-0.003260281351960117,-0.004943007211036307,-0.0015775554928839277
,78,6.3,2.3,4.4,1.3,1,,0.30980957451405516,-0.15562970493353032,-0.2054206533578495,0.8633858076665116,0.7068193925571158,3.5746376947666625,0.9727384431329832,1,-0.027261556867016812,0.0007431924828135915,,,-0.0014458637973604586,-0.009108941923370889,-0.0033254867339290546,-0.006361800708386018,-0.0018796229365685962
,79,5.6,3.0,4.1,1.3,1,,0.3099541608937912,-0.15471881074119323,-0.2050881046844566,0.8640219877373503,0.7070073548507726,3.2898642177188795,0.9640794522375571,1,-0.03592054776244291,0.0012902857515539425,,,-0.0024878759611760993,-0.013932105382586156,-0.007463627883528298,-0.010200291440822006,-0.0032342387495289293
,80,5.5,2.5,4.0,1.3,1,,0.3102029484899088,-0.15332560020293462,-0.20434174189610377,0.8650420168814325,0.7073307787257255,3.3357558725026815,0.9656352840893737,1,-0.03436471591062629,0.0011809336996180515,,0.024417942248016977,-0.0022807024970427844,-0.012543863733735314,-0.005701756242606961,-0.009122809988171138,-0.0029649132461556198
epoch 4,1,5.1,3.5,1.4,0.2,0,,0.3104310187396131,-0.1520712138295611,-0.20377156627184306,0.8659542978802496,0.707627270050341,0.1755288172998185,0.5437698814861154,1,0.5437698814861154,0.295685684011424,,,0.269801429318782,1.375987289525788,0.9443050026157369,0.3777220010462948,0.053960285863756396
,2,4.9,3.0,1.4,0.2,0,,0.28345087580773487,-0.2896699427821399,-0.29820206653341674,0.8281820977756201,0.7022312414639653,-0.73063685824634,0.32505498882051503,0,0.32505498882051503,0.10566074575710516,,,0.14263038645252413,0.6988888936173683,0.4278911593575724,0.19968254103353378,0.028526077290504825
,3,4.7,3.2,1.3,0.2,0,,0.26918783716248246,-0.35955883214387674,-0.340991182469174,0.8082138436722668,0.6993786337349148,-1.3213567342941652,0.21059265680838227,0,0.21059265680838227,0.04434926710161308,,,0.0700192742303596,0.3290905888826901,0.22406167753715073,0.09102505649946749,0.01400385484607192
,4,4.6,3.1,1.5,0.2,0,,0.2621859097394465,-0.39246789103214574,-0.36339735022288905,0.79911133802232,0.6979782482503076,-1.3314355180158381,0.20892201283860043,0,0.20892201283860043,0.04364840744853232,,,0.06905858861437118,0.3176695076261074,0.21408162470455067,0.10358788292155677,0.013811717722874237
,5,5.0,3.6,1.4,0.2,0,,0.25528005087800937,-0.42423484179475646,-0.3848055126933441,0.7887525497301644,0.6965970764780202,-2.0076210188739774,0.11840508316524648,0,0.11840508316524648,0.014019763719368935,,,0.024719504860439903,0.12359752430219952,0.08899021749758365,0.034607306804615864,0.004943900972087981
,6,5.4,3.9,1.7,0.4,0,,0.2528081003919654,-0.43659459422497643,-0.3937045344431025,0.7852918190497028,0.6961026863808114,-2.026813225814188,0.11641632452706521,0,0.11641632452706521,0.013552760616390965,,,0.023949996076471133,0.1293299788129441,0.09340498469823741,0.04071499333000093,0.009579998430588453
,7,4.6,3.4,1.4,0.3,0,,0.2504131007843183,-0.44952759210627086,-0.40304503291292626,0.7812203197167027,0.6951446865377525,-1.885515081243767,0.13175668325925158,0,0.13175668325925158,0.017359823583478744,,,0.030145101612307698,0.1386674674166154,0.10249334548184617,0.04220314225723078,0.00904353048369231
,8,5.0,3.4,1.5,0.2,0,,0.2473985906230875,-0.4633943388479324,-0.41329436746111087,0.7770000054909796,0.6942403334893833,-2.1704258780500054,0.10243786973217986,0,0.10243786973217986,0.01049351715526705,,,0.01883716722376682,0.0941858361188341,0.06404636856080718,0.02825575083565023,0.003767433444753364
,9,4.4,2.9,1.4,0.2,0,,0.2455148739007108,-0.4728129224598158,-0.4196990043171916,0.7741744304074145,0.693863590144908,-1.8293721768429725,0.13831308176219848,0,0.13831308176219848,0.0191305085865566,,,0.032969017976543516,0.1450636790967915,0.0956101521319762,0.04615662516716092,0.006593803595308704
,10,4.9,3.1,1.5,0.1,0,,0.24221797210305646,-0.48731929036949495,-0.4292600195303892,0.7695587678906984,0.6932042097853771,-2.2526940384370904,0.09511733587575727,0,0.09511733587575727,0.00904730758410162,,,0.01637350357970668,0.08023016754056274,0.050757861097090705,0.024560255369560018,0.001637350357970668
,11,5.4,3.7,1.5,0.2,0,,0.2405806217450858,-0.4953423071235512,-0.43433580564009827,0.7671027423537424,0.6930404747495801,-2.752048109109925,0.05997108482653818,0,0.05997108482653818,0.0035965310152718376,,,0.006761686297347389,0.0365131060056759,0.02501823930018534,0.010142529446021084,0.001352337259469478
,12,4.8,3.4,1.6,0.2,0,,0.23990445311535105,-0.4989936177241188,-0.4368376295701168,0.7660884894091403,0.6929052410236332,-2.276190221239465,0.09311416744993581,0,0.09311416744993581,0.008670248179894684,,,0.015725850478078937,0.07548408229477889,0.05346789162546838,0.0251613607649263,0.0031451700956157875
,13,4.8,3.0,1.4,0.1,0,,0.23833186806754317,-0.5065420259535968,-0.4421844187326636,0.7635723533326477,0.6925907240140716,-2.381362745640598,0.08460496545480281,0,0.08460496545480281,0.007158000179608377,,,0.013104795643374276,0.06290301908819652,0.03931438693012283,0.018346713900723986,0.0013104795643374277
,14,4.3,3.0,1.1,0.1,0,,0.23702138850320573,-0.5128323278624164,-0.4461158574256759,0.7617376819425753,0.6924596760576379,-2.399347775839616,0.08322244536986059,0,0.08322244536986059,0.00692597541333943,,,0.012699157605739584,0.05460637770468021,0.03809747281721875,0.013969073366313544,0.0012699157605739586
,15,5.8,4.0,1.2,0.2,0,,0.23575147274263178,-0.5182929656328844,-0.4499256047073978,0.760340774605944,0.6923326844815805,-3.5191746803342405,0.028771549483661823,0,0.028771549483661823,0.0008278020596908009,,,0.0016079698235354598,0.009326224976505666,0.006431879294141839,0.0019295637882425516,0.000321593964707092
,16,5.7,4.4,1.5,0.4,0,,0.23559067576027823,-0.519225588130535,-0.450568792636812,0.7601478182271197,0.6923005250851098,-3.289355926811021,0.03593815416250814,0,0.03593815416250814,0.001291550924608201,,,0.0024902699367418033,0.014194538639428279,0.010957187721663935,0.0037354049051127047,0.0009961079746967213
,17,5.4,3.9,1.3,0.4,0,,0.23534164876660404,-0.5206450419944778,-0.4516645114089784,0.7597742777366084,0.6922009142876401,-3.073046245725945,0.04423286458554053,0,0.04423286458554053,0.0019565463094427657,,,0.0037400053229636895,0.020196028744003926,0.014586020759558388,0.004862006919852797,0.0014960021291854759
,18,5.1,3.5,1.4,0.3,0,,0.23496764823430769,-0.5226646448688782,-0.4531231134849342,0.7592880770446232,0.6920513140747215,-2.745934235709352,0.06031668038423062,0,0.06031668038423062,0.0036381019325734303,,,0.006837327402202294,0.03487036975123169,0.023930645907708027,0.009572258363083211,0.0020511982206606882
,19,5.7,3.8,1.7,0.3,0,,0.23428391549408745,-0.5261516818440014,-0.45551617807570505,0.7583308512083149,0.6918461942526555,-2.9990258423744676,0.04746990177292056,0,0.04746990177292056,0.0022533915743307266,,,0.00429284659528264,0.02446922559311105,0.016312817062074034,0.007297839211980488,0.001287853978584792
,20,5.1,3.8,1.5,0.3,0,,0.23385463083455918,-0.5285986044033125,-0.45714745978191246,0.7576010672871168,0.691717408854797,-2.8552417752064874,0.054410994816294495,0,0.054410994816294495,0.0029605563568988265,,,0.0055989390806205136,0.028554589311164617,0.02127596850635795,0.00839840862093077,0.0016796817241861541
,21,5.4,3.4,1.7,0.2,0,,0.23329473692649713,-0.531454063334429,-0.45927505663254825,0.7567612264250237,0.6915494406823784,-2.7732884245710676,0.05878480352239411,0,0.05878480352239411,0.003455653125166479,,,0.006505026470324041,0.03512714293974982,0.02211708999910174,0.01105854499955087,0.0013010052940648081
,22,5.1,3.7,1.5,0.4,0,,0.23264423427946473,-0.5349667776284039,-0.46148676563245844,0.7556553719250687,0.691419340152972,-2.7931365705166993,0.05769619151402669,0,0.05769619151402669,0.0033288505152232455,,,0.006273577036750717,0.03199524288742865,0.023212235035977653,0.009410365555126076,0.002509430814700287
,23,4.6,3.6,1.0,0.2,0,,0.23201687657578965,-0.5381663019171468,-0.4638079891360562,0.7547143353695561,0.691168397071502,-3.0203088583490314,0.04651677381278966,0,0.04651677381278966,0.0021638102459502337,,,0.0041263135483311396,0.01898104232232324,0.014854728773992102,0.0041263135483311396,0.0008252627096662279
,24,5.1,3.3,1.7,0.5,0,,0.23160424522095654,-0.5400644061493791,-0.4652934620134554,0.754301704014723,0.6910858708005354,-2.430336818559983,0.08088842274083906,0,0.08088842274083906,0.006542936933500689,,,0.012027378169714073,0.06133962866554177,0.03969034796005644,0.020446542888513924,0.006013689084857036
,25,4.8,3.4,1.9,0.2,0,,0.23040150740398513,-0.5461983690159333,-0.469262496809461,0.7522570497258716,0.6904845018920497,-2.419457858167096,0.08170092090692496,0,0.08170092090692496,0.0066750404770396085,,,0.012259367045948946,0.05884496182055494,0.04168184795622642,0.023292797387302996,0.0024518734091897895
,26,5.0,3.0,1.6,0.2,0,,0.22917557069939024,-0.5520828651979888,-0.47343068160508367,0.7499277699871413,0.6902393145511307,-2.6135985052161526,0.06826835486147705,0,0.06826835486147705,0.004660568275492556,,,0.008684797893210175,0.043423989466050875,0.026054393679630528,0.01389567662913628,0.001736959578642035
,27,5.0,3.4,1.6,0.4,0,,0.2283070909100692,-0.5564252641445938,-0.4760361209730467,0.7485382023242276,0.6900656185932665,-2.6986546699651877,0.06305278759428709,0,0.06305278759428709,0.0039756540234102845,,,0.007449955909447646,0.03724977954723823,0.025329850092121995,0.011919929455116234,0.0029799823637790585
,28,5.2,3.5,1.5,0.2,0,,0.22756209531912444,-0.5601502420993176,-0.4785691059822589,0.747346209378716,0.6897676203568887,-3.1012381963957814,0.04305620943793045,0,0.04305620943793045,0.001853837171162931,,,0.0035480359393150387,0.018449786884438202,0.012418125787602634,0.005322053908972558,0.0007096071878630078
,29,5.2,3.4,1.4,0.2,0,,0.22720729172519294,-0.5619952207877614,-0.47981091856101915,0.7468140039878187,0.6896966596381023,-3.143046041968065,0.041366159616742906,0,0.041366159616742906,0.0017111591614378517,,,0.003280750156872323,0.017059900815736082,0.011154550533365898,0.004593050219621252,0.0006561500313744646
,30,4.7,3.2,1.6,0.2,0,,0.2268792167095057,-0.563701210869335,-0.48092637361435575,0.7463546989658566,0.6896310446349649,-2.6293871426699438,0.06727089444388828,0,0.06727089444388828,0.004525373239280759,,,0.008441894667563813,0.039676904937549926,0.027014062936204203,0.013507031468102101,0.0016883789335127627
,31,4.8,3.1,1.6,0.2,0,,0.22603502724274932,-0.56766890136309,-0.4836277799079762,0.7450039958190464,0.6894622067416136,-2.6681229823560115,0.06488075663525103,0,0.06488075663525103,0.004209512581562671,,,0.007872792440410552,0.037789403713970646,0.024405656565272712,0.012596467904656884,0.0015745584880821105
,32,5.4,3.4,1.5,0.4,0,,0.22524774799870825,-0.571447841734487,-0.48606834556450346,0.7437443490285808,0.6893047508928054,-3.12186454838684,0.04221431953532966,0,0.04221431953532966,0.0017820487738309156,,,0.0034136415949297502,0.01843366461262065,0.01160638142276115,0.005120462392394626,0.0013654566379719003
,33,5.2,4.1,1.5,0.1,0,,0.22490638383921527,-0.5732912081957491,-0.4872289837067796,0.7432323027893413,0.6891682052290082,-3.570081457269563,0.027382641428798215,0,0.027382641428798215,0.0007498090516181364,,,0.0014585545984352193,0.00758448391186314,0.005980073853584398,0.002187831897652829,0.00014585545984352192
,34,5.5,4.2,1.4,0.2,0,,0.22476052837937174,-0.5740496565869354,-0.487826991092138,0.743013519599576,0.6891536196830239,-3.8033362940597413,0.021809979752059203,0,0.021809979752059203,0.0004756752167852324,,,0.0009306014998771802,0.005118308249324491,0.003908526299484157,0.0013028420998280523,0.00018612029997543605
,35,4.9,3.1,1.5,0.2,0,,0.22466746822938402,-0.5745614874118679,-0.48821784372208643,0.7428832353895931,0.6891350076530264,-2.852007281012242,0.05457765100956727,0,0.05457765100956727,0.0029787199897221193,,,0.005632296899335688,0.02759825480674487,0.017460120387940634,0.008448445349003532,0.0011264593798671375
,36,5.0,3.2,1.2,0.2,0,,0.22410423853945044,-0.5773213128925423,-0.4899638557608805,0.7420383908546928,0.6890223617150396,-3.20213612298944,0.03908541579461212,0,0.03908541579461212,0.0015276697278377143,,,0.0029359202426566706,0.014679601213283353,0.009394944776501346,0.0035231042911880047,0.0005871840485313342
,37,5.5,3.5,1.3,0.2,0,,0.22381064651518479,-0.5787892730138706,-0.4909033502385306,0.741686080425574,0.6889636433101864,-3.575707447680677,0.027233203111018157,0,0.027233203111018157,0.0007416473516859691,,,0.0014428998374415127,0.00793594910592832,0.005050149431045294,0.0018757697886739666,0.00028857996748830254
,38,4.9,3.1,1.5,0.1,0,,0.22366635653144062,-0.5795828679244635,-0.4914083651816351,0.7414985034467066,0.6889347853134377,-2.958514394660096,0.049335636767346064,0,0.049335636767346064,0.0024340050552395086,,,0.004627843731888656,0.022676434286254415,0.014346315568854833,0.0069417655978329836,0.0004627843731888656
,39,4.4,3.0,1.3,0.2,0,,0.22320357215825176,-0.5818505113530889,-0.4928429967385206,0.7408043268869233,0.6888885068761188,-2.714644341682677,0.06211473742943675,0,0.06211473742943675,0.003858240605927871,,,0.007237174007502141,0.03184356563300943,0.021711522022506424,0.009408326209752784,0.0014474348015004284
,40,5.1,3.4,1.5,0.2,0,,0.22247985475750154,-0.5850348679163898,-0.4950141489407712,0.739863494265948,0.6887437633959688,-3.1967020839365925,0.0392900180023929,0,0.0392900180023929,0.0015437055146283582,,,0.0029661065943364334,0.01512714363111581,0.010084762420743873,0.00444915989150465,0.0005932213188672867
,41,7.0,3.2,4.7,1.4,1,,0.2221832440980679,-0.5865475822795014,-0.4960226251828456,0.7394185782767976,0.688684441264082,-1.0314966967728845,0.2627940411865478,0,-0.7372059588134522,0.5434726257100614,,,-0.2856427351692223,-1.999499146184556,-0.9140567525415113,-1.3425208552953447,-0.3998998292369112
,42,6.4,3.2,4.5,1.5,1,,0.25074751761499015,-0.38659766766104586,-0.40461694992869446,0.8736706638063321,0.7286744241877732,1.5062778282226286,0.8185089259388733,1,-0.18149107406112674,0.03293900996386139,,,-0.05392174733402007,-0.34509918293772845,-0.17254959146886423,-0.2426478630030903,-0.08088262100103011
,43,6.9,3.1,4.9,1.5,1,,0.2561396923483922,-0.352087749367273,-0.38736199078180805,0.8979354501066411,0.7367626862878762,2.13093978524496,0.8938741922914185,1,-0.10612580770858149,0.011262687061798815,,,-0.02013485060079285,-0.13893046914547066,-0.06241803686245783,-0.09866076794388497,-0.030202275901189273
,44,5.5,2.3,4.0,1.3,1,,0.2581531774084715,-0.3381947024527259,-0.3811201870955623,0.9078015269010296,0.7397829138779951,2.1144297792441975,0.8922977862521314,1,-0.10770221374786859,0.011599766846191574,,,-0.02070089255579522,-0.11385490905687372,-0.047612052878329,-0.08280357022318088,-0.026911160322533788
,45,6.5,2.8,4.6,1.5,1,,0.260223266664051,-0.32680921154703857,-0.37635898180772936,0.9160818839233477,0.7424740299102485,2.40984595345943,0.9175750319133118,1,-0.0824249680866882,0.006793875364091568,,,-0.012467780808042768,-0.081040575252278,-0.03490978626251975,-0.057351791716996725,-0.01870167121206415
,46,5.7,2.8,4.5,1.3,1,,0.26147004474485525,-0.31870515402181077,-0.3728680031814774,0.9218170630950473,0.7443441970314549,2.5166444979810016,0.9253004548675088,1,-0.07469954513249122,0.005580022043001093,,,-0.010326393869119273,-0.05886044505397986,-0.028913902833533962,-0.046468772411036724,-0.013424312029855055
,47,6.3,3.3,4.7,1.6,1,,0.2625026841317672,-0.3128191095164128,-0.369976612898124,0.926463940336151,0.7456866282344404,2.618298596369572,0.9320300015659743,1,-0.06796999843402574,0.004619920687121461,,,-0.008611809370504984,-0.054254399034181396,-0.028418970922666445,-0.04047550404137343,-0.013778894992807975
,48,4.9,2.4,3.3,1.0,1,,0.2633638650688177,-0.30739366961299464,-0.3671347158058574,0.9305114907402883,0.7470645177337212,1.6937640032077586,0.8447185218043263,1,-0.15528147819567373,0.024112337470633495,,,-0.04073627613088119,-0.19960775304131784,-0.09776706271411485,-0.13442971123190792,-0.04073627613088119
,49,6.6,2.9,4.6,1.3,1,,0.2674374926819058,-0.2874328943088629,-0.3573580095344459,0.9439544618634791,0.7511381453468093,2.652712276116373,0.9341779635269783,1,-0.06582203647302165,0.004332540485455792,,,-0.008094727695202556,-0.05342520278833687,-0.023474710316087413,-0.03723574739793176,-0.010523146003763324
,50,5.2,2.7,3.9,1.4,1,,0.26824696545142607,-0.2820903740300292,-0.35501053850283715,0.9476780366032722,0.7521904599471857,2.591859553216435,0.9303358332444317,1,-0.0696641667555683,0.004853096129747628,,,-0.009030018463368171,-0.04695609600951449,-0.02438104985109406,-0.03521707200713586,-0.01264202584871544
,51,5.0,2.0,3.5,1.0,1,,0.26914996729776286,-0.27739476442907773,-0.35257243351772777,0.9511997438039858,0.7534546625320573,2.2596850439629264,0.905482679358584,1,-0.09451732064141605,0.008933523901232253,,,-0.016178302316403458,-0.0808915115820173,-0.032356604632806915,-0.0566240581074121,-0.016178302316403458
,52,5.9,3.0,4.2,1.5,1,,0.2707677975294032,-0.269305613270876,-0.3493367730544471,0.9568621496147269,0.7550724927636976,2.7852841275952933,0.9418754063337564,1,-0.05812459366624356,0.003378468388865921,,,-0.0063641925730976824,-0.037548736181276327,-0.019092577719293048,-0.026729608807010266,-0.009546288859646524
,53,6.0,2.2,4.0,1.0,1,,0.271404216786713,-0.26555073965274834,-0.3474275152825178,0.959535110495428,0.7560271216496622,2.507926808880058,0.9246956538018221,1,-0.07530434619817794,0.005670744556335036,,,-0.010487425690126699,-0.06292455414076019,-0.023072336518278738,-0.041949702760506795,-0.010487425690126699
,54,6.1,2.9,4.7,1.4,1,,0.27245295935572567,-0.2592582842386723,-0.3451202816306899,0.9637300807714786,0.7570758642186749,3.279566198302918,0.9637211197873933,1,-0.03627888021260672,0.0013161571494806677,,,-0.002536816883827385,-0.015474582991347047,-0.007356768963099416,-0.01192303935398871,-0.0035515436373583387
,55,5.6,2.9,3.6,1.3,1,,0.2727066410441084,-0.2577108259395376,-0.34438460473438,0.9649223847068774,0.7574310185824107,2.2891915711548885,0.9079779248698227,1,-0.09202207513017735,0.008468062311264004,,,-0.015377627290099692,-0.08611471282455826,-0.04459511914128911,-0.055359458244358895,-0.0199909154771296
,56,6.7,3.1,4.4,1.4,1,,0.2742444037731184,-0.24909935465708177,-0.3399250928202511,0.9704583305313133,0.7594301101301236,2.884729748347844,0.9470863909049781,1,-0.05291360909502185,0.0027998500274607793,,,-0.005303399715166067,-0.03553277809161265,-0.016440539117014808,-0.023334958746730698,-0.007424759601232494
,57,5.6,3.0,4.5,1.5,1,,0.27477474374463495,-0.2455460768479205,-0.3382810389085496,0.9727918264059863,0.7601725860902468,3.4026956946329396,0.9677886762759477,1,-0.03221132372405233,0.0010375693760556967,,,-0.0020082957859948072,-0.011246456401570919,-0.006024887357984421,-0.009037331036976633,-0.0030124436789922106
,58,5.8,2.7,4.1,1.0,1,,0.2749755733232344,-0.2444214312077634,-0.33767855017275117,0.9736955595096839,0.7604738304581461,2.698224811299628,0.9369218128176108,1,-0.06307818718238922,0.003978857698216532,,,-0.007455757135112679,-0.04324339138365354,-0.020130544264804234,-0.030568604253961983,-0.007455757135112679
,59,6.2,2.2,4.5,1.5,1,,0.27572114903674566,-0.24009709206939805,-0.33566549574627075,0.9767524199350801,0.7612194061716574,3.5858700865300284,0.9730347313898121,1,-0.026965268610187887,0.0007271257112195842,,,-0.0014150371422063483,-0.00877323028167936,-0.0031130817128539666,-0.0063676671399285675,-0.0021225557133095225
,60,5.6,2.5,3.9,1.1,1,,0.2758626527509663,-0.23921976904123013,-0.33535418757498536,0.9773891866490729,0.7614316617429884,2.747239133031286,0.9397572369210814,1,-0.060242763078918626,0.0036291905033827214,,,-0.006821116079438349,-0.03819825004485475,-0.01705279019859587,-0.026602352709809558,-0.007503227687382184
,61,5.9,3.2,4.8,1.8,1,,0.2765447643589101,-0.23539994403674466,-0.3336489085551258,0.9800494219200538,0.7621819845117266,3.89617338450308,0.98008514245526,1,-0.019914857544739983,0.00039660155102728707,,,-0.0007774065752731114,-0.0045866987941113576,-0.0024877010408739567,-0.0037315515613109344,-0.0013993318354916006
,62,6.1,2.8,4.0,1.3,1,,0.2766225050164374,-0.23494127415733354,-0.3334001384510384,0.980422577076185,0.7623219176952758,2.8226691463023936,0.943888599790042,1,-0.05611140020995797,0.003148489233522072,TP,,-0.005943646188166341,-0.03625624174781468,-0.016642209326865755,-0.023774584752665365,-0.007726740044616244
,63,6.3,2.5,4.9,1.5,1,,0.27721686963525405,-0.23131564998255208,-0.3317359175183518,0.9828000355514515,0.7630945916997374,3.950950542701015,0.9811266474558918,1,-0.018873352544108157,0.0003562034362541939,39,,-0.0006989613664486914,-0.004403456608626756,-0.0017474034161217285,-0.003424910695598588,-0.001048442049673037
,64,6.1,2.8,4.7,1.2,1,,0.2772867657718989,-0.2308753043216894,-0.3315611771767396,0.9831425266210113,0.7631994359047046,3.477185311519122,0.9700316045470628,1,-0.02996839545293717,0.0008981047260236252,FN,,-0.0017423799368719948,-0.010628517614919168,-0.004878663823241585,-0.008189185703298376,-0.002090855924246394
,65,6.4,2.9,4.3,1.3,1,,0.27746100376558613,-0.22981245256019747,-0.33107331079441543,0.9839614451913411,0.7634085214971292,3.0700139983455528,0.955638765850902,1,-0.04436123414909798,0.001967919095231097,1,,-0.0037612395509221386,-0.02407193312590169,-0.010907594697674201,-0.016173330068965194,-0.004889611416198781
,66,6.6,3.0,4.4,1.4,1,,0.27783712772067837,-0.2274052592476073,-0.329982551324648,0.9855787781982376,0.7638974826387491,3.193017862479021,0.9605706799353491,1,-0.03942932006465094,0.0015546712807606854,FP,,-0.002986743298472503,-0.019712505769918516,-0.008960229895417508,-0.013141670513279014,-0.004181440617861504
,67,6.8,2.8,4.8,1.4,1,,0.2781358020505256,-0.22543400867061544,-0.3290865283351062,0.9868929452495655,0.7643156267005353,3.6308702783307067,0.9741906521120081,1,-0.02580934788799194,0.000666122438403394,1,,-0.0012978605053092867,-0.00882545143610315,-0.0036340094148660023,-0.006229730425484576,-0.0018170047074330012
,68,6.7,3.0,5.0,1.7,1,,0.27826558810105656,-0.22455146352700514,-0.3287231273936196,0.9875159182921139,0.7644973271712786,4.024826447941007,0.9824470849334305,1,-0.01755291506656953,0.0003081048273342036,TN,,-0.0006053933789368125,-0.004056135638876643,-0.0018161801368104372,-0.0030269668946840624,-0.001029168744192581
,69,6.0,2.9,4.5,1.5,1,,0.27832612743895024,-0.22414584996311748,-0.32854150937993853,0.9878186149815823,0.7646002440456978,3.572764783944091,0.9726887326023101,1,-0.027311267397689853,0.0007459053268681167,39,,-0.0014510674140653206,-0.008706404484391923,-0.004208095500789429,-0.0065298033632939425,-0.002176601121097981
,70,5.7,2.6,3.5,1.0,1,,0.2784712341803568,-0.2232752095146783,-0.3281206998298596,0.9884715953179117,0.7648179041578076,2.377157208159554,0.9150687589205646,1,-0.0849312410794354,0.007213315711293174,Precision,,-0.013201359711270509,-0.0752477503542419,-0.03432353524930332,-0.04620475898944678,-0.013201359711270509
,71,5.5,2.4,3.8,1.1,1,,0.27979137015148386,-0.2157504344792541,-0.32468834630492927,0.9930920712168564,0.7661380401289346,2.930413664149639,0.9493295772257698,1,-0.05067042277423017,0.0025674917441192236,0.975,,-0.004874791703950714,-0.026811354371728928,-0.011699500089481714,-0.018524208475012714,-0.0053622708743457865
,72,5.5,2.4,3.7,1.0,1,,0.2802788493218789,-0.21306929904208122,-0.3235183962959811,0.9949444920643576,0.7666742672163692,2.7799224413345702,0.9415811784068843,1,-0.05841882159311573,0.003412758716328285,Recall,,-0.0064267787474775045,-0.035347283111126275,-0.01542426899394601,-0.023779081365666768,-0.0064267787474775045
,73,5.8,2.7,3.9,1.2,1,,0.28092152719662666,-0.2095345707309686,-0.3219759693965865,0.9973224002009243,0.7673169450911169,3.00662359447917,0.952872463292161,1,-0.04712753670783898,0.0022210047161487106,0.975,,-0.004232668469720258,-0.024549477124377495,-0.011428204868244696,-0.016507407031909005,-0.005079202163664309
,74,6.0,2.7,5.1,1.6,1,,0.2813447940435987,-0.20707962301853083,-0.32083314890976206,0.9989731409041153,0.7678248653074834,4.495900356979017,0.9889684202815852,1,-0.011031579718414841,0.00012169575108374166,F1-Score,,-0.000240706509408538,-0.0014442390564512282,-0.0006499075754030527,-0.0012276031979835437,-0.00038513041505366084
,75,5.4,3.0,4.5,1.5,1,,0.28136886469453953,-0.20693519911288571,-0.32076815815222176,0.9990959012239137,0.7678633783489888,3.8493409380593855,0.9791502049263726,1,-0.020849795073627386,0.00043471395461225685,0.975,,-0.0008513005154858902,-0.004597022783623807,-0.0025539015464576707,-0.003830852319686506,-0.0012769507732288353
,76,6.0,3.4,4.5,1.6,1,,0.2814539947460881,-0.20647549683452335,-0.320512767997576,0.9994789864558823,0.7679910734263117,3.6792987590807593,0.9753807382034642,1,-0.02461926179653584,0.0006061080514063691,,,-0.001182372237223615,-0.00709423342334169,-0.0040200656065602905,-0.0053206750675062675,-0.001891795579557784
,77,6.7,3.1,4.7,1.5,1,,0.28157223196981046,-0.20576607349218917,-0.32011076143691997,1.000011053962633,0.7681802529842675,3.7629185122184676,0.977310862851649,1,-0.02268913714835097,0.00051479694453668,,,-0.0010062332921170704,-0.006741763057184371,-0.003119323205562918,-0.004729296472950231,-0.0015093499381756055
,78,6.3,2.3,4.4,1.3,1,,0.28167285529902214,-0.20509189718647072,-0.31979882911636365,1.000483983609928,0.7683311879780851,3.6550166683118146,0.9747908686021961,1,-0.025209131397803897,0.0006355003058317422,,,-0.0012389597902373705,-0.007805446678495434,-0.002849607517545952,-0.005451423077044431,-0.0016106477273085818
,79,5.6,3.0,4.1,1.3,1,,0.2817967512780459,-0.20431135251862118,-0.31951386836460904,1.0010291259176325,0.7684922527508159,3.2823709169182935,0.9638190529508308,1,-0.03618094704916919,0.0013090609293747845,,,-0.0025233957304098783,-0.014131016090295318,-0.007570187191229635,-0.0103459224946805,-0.003280414449532842
,80,5.5,2.5,4.0,1.3,1,,0.28204909085108687,-0.20289825090959165,-0.31875684964548606,1.0020637181671006,0.7688202941957691,3.37693784185752,0.9669759596233416,1,-0.0330240403766584,0.0010905872427991645,,0.017388687423930464,-0.0021091432913173925,-0.011600288102245658,-0.005272858228293481,-0.00843657316526957,-0.0027418862787126105
epoch 5,1,5.1,3.5,1.4,0.2,0,,0.2822600051802186,-0.2017382220993671,-0.3182295638226567,1.0029073754836275,0.7690944828236403,-0.3025191786640456,0.4249417648190355,0,0.4249417648190355,0.18057550348751647,,,0.20768286070489067,1.0591825895949423,0.7268900124671174,0.2907560049868469,0.04153657214097814
,2,4.9,3.0,1.4,0.2,0,,0.2614917191097295,-0.30765648105886134,-0.39091856506936845,0.9738317749849428,0.7649408256095426,-0.9024280831859683,0.2885517812229252,0,0.2885517812229252,0.08326213044692288,,,0.11847338879609545,0.5805196051008678,0.35542016638828633,0.16586274431453363,0.02369467775921909
,3,4.7,3.2,1.3,0.2,0,,0.24964438023011998,-0.3657084415689481,-0.42646058170819706,0.9572455005534894,0.7625713578336206,-1.4369257343239061,0.19202186770506557,0,0.19202186770506557,0.036872397676941705,,,0.059584182016502875,0.28004565547756355,0.1906693824528092,0.07745943662145374,0.011916836403300575
,4,4.6,3.1,1.5,0.2,0,,0.24368596202846968,-0.3937130071167045,-0.445527519953478,0.949499556891344,0.7613796741932906,-1.3720039123884784,0.20229627716828108,0,0.20229627716828108,0.040923783756146,,,0.06529010930927578,0.3003345028226686,0.20239933885875494,0.09793516396391368,0.013058021861855158
,5,5.0,3.6,1.4,0.2,0,,0.2371569510975421,-0.4237464573989713,-0.4657674538393535,0.9397060404949527,0.7600738720071051,-2.090734938624632,0.11000060289991254,0,0.11000060289991254,0.012100132638344247,,,0.02153822150591494,0.10769110752957471,0.07753759742129379,0.030153510108280917,0.0043076443011829885
,6,5.4,3.9,1.7,0.4,0,,0.2350031289469506,-0.4345155681519288,-0.47352121358148286,0.9366906894841246,0.7596431075769868,-2.0618822568874418,0.11285724023218753,0,0.11285724023218753,0.012736756672825688,,,0.022598642930443363,0.12203267182439417,0.08813470742872911,0.038417692981753716,0.009039457172177346
,7,4.6,3.4,1.4,0.3,0,,0.23274326465390627,-0.44671883533436824,-0.4823346843243558,0.9328489201859492,0.7587391618597691,-1.9284910677687377,0.1269176901768688,0,0.1269176901768688,0.01610810007983166,,,0.028127394449123176,0.1293860144659666,0.0956331411270188,0.039378352228772444,0.008438218334736953
,8,5.0,3.4,1.5,0.2,0,,0.22993052520899396,-0.4596574367809649,-0.49189799843705767,0.928911084963072,0.7578953400262954,-2.1958641579319593,0.10012250439042968,0,0.10012250439042968,0.01002451588541161,,,0.018041672499325107,0.09020836249662553,0.06134168649770536,0.027062508748987663,0.0036083344998650217
,9,4.4,2.9,1.4,0.2,0,,0.22812635795906144,-0.4686782730306274,-0.4980321670868282,0.9262048340881732,0.7575345065763089,-1.8301576588887967,0.13821949258415842,0,0.13821949258415842,0.019104628130222224,,,0.03292799224810774,0.14488316589167408,0.09549117751951244,0.04609918914735083,0.006585598449621548
,10,4.9,3.1,1.5,0.1,0,,0.22483355873425068,-0.4831665896197948,-0.5075812848387794,0.9215949151734382,0.7568759467313468,-2.258104745969668,0.09465265523566546,0,0.09465265523566546,0.008959125143161748,,,0.016222240319545753,0.0794889775657742,0.05028894499059184,0.02433336047931863,0.0016222240319545755
,11,5.4,3.7,1.5,0.2,0,,0.2232113347022961,-0.49111548737637223,-0.5126101793378386,0.9191615791255063,0.7567137243281514,-2.7953848471262273,0.05757408017449153,0,0.05757408017449153,0.0033147747079387787,,,0.00624785920628707,0.03373843971395018,0.023117079063262158,0.009371788809430605,0.001249571841257414
,12,4.8,3.4,1.6,0.2,0,,0.2225865487816674,-0.49448933134776724,-0.5149218872441648,0.9182244002445633,0.7565887671440257,-2.2812198644976687,0.09269031296841979,0,0.09269031296841979,0.008591494118183609,,,0.015590291679005665,0.07483340005922719,0.05300699170861926,0.024944466686409067,0.0031180583358011334
,13,4.8,3.0,1.4,0.1,0,,0.22102751961376682,-0.50197267135369,-0.5202225864150267,0.9157299535759224,0.7562769613104455,-2.3914594309916892,0.08382628032354042,0,0.08382628032354042,0.00702684527288078,,,0.012875621942492262,0.061802985323962854,0.038626865827476785,0.018025870719489166,0.0012875621942492262
,14,4.3,3.0,1.1,0.1,0,,0.2197399574195176,-0.5081529698860863,-0.5240852729977744,0.9139273665039734,0.7561482050910207,-2.4566387084205035,0.07895442671649755,0,0.07895442671649755,0.006233801498130782,,,0.011483230549162846,0.049377891361400236,0.03444969164748854,0.01263155360407913,0.0011483230549162845
,15,5.8,4.0,1.2,0.2,0,,0.21859163436460133,-0.5130907590222263,-0.5275302421625233,0.9126642111435656,0.7560333727855291,-3.62105200868502,0.02605736355727174,0,0.02605736355727174,0.0006789861955558333,,,0.0013225872108157323,0.0076710058227312476,0.005290348843262929,0.0015871046529788789,0.00026451744216314646
,16,5.7,4.4,1.5,0.4,0,,0.21845937564351975,-0.5138578596044995,-0.5280592770468496,0.9125055006782676,0.7560069210413127,-3.3628302236743397,0.03347752534154081,0,0.03347752534154081,0.001120744702993507,,,0.0021664498875952885,0.012348764359293146,0.00953237950541927,0.003249674831392933,0.0008665799550381155
,17,5.4,3.9,1.3,0.4,0,,0.21824273065476021,-0.5150927360404288,-0.5290125149973915,0.9121805331951284,0.755920263045809,-3.1382040540813922,0.04155859561514963,0,0.04155859561514963,0.001727116869503534,,,0.0033106806358874667,0.01787767543379232,0.01291165447996112,0.004303884826653706,0.0013242722543549868
,18,5.1,3.5,1.4,0.3,0,,0.21791166259117148,-0.5168805035838081,-0.5303036804453877,0.911750144712463,0.7557878358203735,-2.771055233901546,0.05890848587982299,0,0.05890848587982299,0.0034702097086533046,,,0.006531569818062154,0.03331100607211698,0.022860494363217538,0.009144197745287014,0.001959470945418646
,19,5.7,3.8,1.7,0.3,0,,0.21725850560936527,-0.5202116041910197,-0.5325897298817094,0.9108357249379343,0.7555918887258316,-2.996690312817705,0.04757561795204581,0,0.04757561795204581,0.0022634394235190236,,,0.0043115097884961675,0.024575605794428156,0.016383737196285435,0.007329566640443485,0.0012934529365488502
,20,5.1,3.8,1.5,0.3,0,,0.21682735463051567,-0.5226691647704625,-0.5342281036013379,0.9101027682738899,0.7554625434321767,-2.88705926394344,0.052796989822813944,0,0.052796989822813944,0.0027875221343503192,,,0.005280698713184313,0.026931563437239996,0.02006665511010039,0.00792104806977647,0.001584209613955294
,21,5.4,3.4,1.7,0.2,0,,0.21629928475919724,-0.5253623211141866,-0.5362347691123479,0.9093106634669123,0.7553041224707812,-2.746966511851486,0.060258198988338244,0,0.060258198988338244,0.003631050545318168,,,0.006824499958043343,0.03685229977343405,0.023203299857347367,0.011601649928673683,0.0013648999916086686
,22,5.1,3.7,1.5,0.4,0,,0.2156168347633929,-0.52904755109153,-0.5385550990980826,0.9081504984740448,0.7551676324716203,-2.8108867417666006,0.056738704242536325,0,0.056738704242536325,0.0032192805591220097,,,0.006073245503208478,0.030973552066363236,0.02247100836187137,0.009109868254812716,0.0024292982012833913
,23,4.6,3.6,1.0,0.2,0,,0.21500951021307207,-0.5321449062981664,-0.5408021999342698,0.9072395116485635,0.754924702651492,-3.121520526343002,0.04222823131856084,0,0.04222823131856084,0.0017832235202938829,,,0.003415842289972429,0.015712874533873173,0.012297032243900744,0.003415842289972429,0.0006831684579944858
,24,5.1,3.3,1.7,0.5,0,,0.21466792598407483,-0.5337161937515537,-0.5420319031586599,0.9068979274195663,0.7548563858056926,-2.376835273056318,0.08495626455131254,0,0.08495626455131254,0.007217566886512604,,,0.013208778729370492,0.06736477151978951,0.043588969806922624,0.022454923839929836,0.006604389364685246
,25,4.8,3.4,1.9,0.2,0,,0.21334704811113778,-0.5404526709035327,-0.5463908001393522,0.9046524350355734,0.7541959468692241,-2.368875676758182,0.08557708084044703,0,0.08557708084044703,0.007323436765172406,,,0.013393436850178691,0.06428849688085772,0.045537685290607546,0.025447530015339514,0.0026786873700357385
,26,5.0,3.0,1.6,0.2,0,,0.2120077044261199,-0.5468815205916184,-0.5509445686684129,0.9021076820340393,0.7539280781322205,-2.5810756976563036,0.07036633169768423,0,0.07036633169768423,0.004951420636588521,,,0.009206014659399148,0.04603007329699574,0.027618043978197445,0.014729623455038638,0.0018412029318798297
,27,5.0,3.4,1.6,0.4,0,,0.21108710296018,-0.551484527921318,-0.5537063730662326,0.9006347196885355,0.7537439578390326,-2.686424070434331,0.06377920939102079,0,0.06377920939102079,0.004067787550543675,,,0.007616694553198724,0.03808347276599362,0.02589676148087566,0.01218671128511796,0.00304667782127949
,28,5.2,3.5,1.5,0.2,0,,0.2103254335048601,-0.5552928751979174,-0.5562960492143202,0.8994160485600237,0.7534392900569047,-3.124421758923014,0.04211104665965755,0,0.04211104665965755,0.0017733402507718553,,,0.0033973260734563057,0.01766609558197279,0.01189064125709707,0.005095989110184458,0.0006794652146912612
,29,5.2,3.4,1.4,0.2,0,,0.20998570089751448,-0.5570594847561147,-0.5574851133400299,0.8989064496490052,0.7533713435354356,-3.1730297069746896,0.040193372834105186,0,0.040193372834105186,0.0016155072197813847,,,0.0031011490715610454,0.016125975172117436,0.010543906843307554,0.004341608700185463,0.0006202298143122092
,30,4.7,3.2,1.6,0.2,0,,0.20967558599035838,-0.5586720822733264,-0.5585395040243607,0.8984722887789867,0.7533093205540043,-2.6151920874150507,0.06816706033711782,0,0.06816706033711782,0.004646748115004261,,,0.008659985911754755,0.04070193378524735,0.027711954917615217,0.013855977458807608,0.001731997182350951
,31,4.8,3.1,1.6,0.2,0,,0.2088095873991829,-0.5627422756518512,-0.5613106995161222,0.8970866910331059,0.7531361208357693,-2.6464505744095583,0.06620811371899228,0,0.06620811371899228,0.004383514322227014,,,0.008186580214984354,0.039295585031924894,0.025378398666451498,0.013098528343974966,0.0016373160429968708
,32,5.4,3.4,1.5,0.4,0,,0.20799092937768446,-0.5666718341550437,-0.5638485393827674,0.8957768381987083,0.7529723892314696,-3.1242677959703107,0.04211725760988845,0,0.04211725760988845,0.0017738633885777066,,,0.003398306254552459,0.01835085377458328,0.011554241265478361,0.005097459381828689,0.0013593225018209837
,33,5.2,4.1,1.5,0.1,0,,0.2076510987522292,-0.5685069195325021,-0.5650039635093151,0.8952670922605255,0.7528364569812875,-3.646916849116056,0.025408940684834347,0,0.025408940684834347,0.0006456142667254301,,,0.0012584197842338417,0.006543782878015977,0.005159521115358751,0.0018876296763507625,0.00012584197842338419
,34,5.5,4.2,1.4,0.2,0,,0.20752525677380582,-0.5691612978203037,-0.565519915620851,0.8950783292928904,0.7528238727834452,-3.8943710912787037,0.019950065619673284,0,0.019950065619673284,0.00039800511822927,,,0.0007801297800072606,0.0042907137900399335,0.0032765450760304945,0.0010921816920101647,0.0001560259560014521
,35,4.9,3.1,1.5,0.2,0,,0.2074472437958051,-0.5695903691993076,-0.5658475701284541,0.8949691111236894,0.752808270187845,-2.8446577119559073,0.054958124746220666,0,0.054958124746220666,0.003020395475621152,,,0.005708800408578089,0.027973122002032638,0.017697281266592077,0.008563200612867134,0.001141760081715618
,36,5.0,3.2,1.2,0.2,0,,0.20687636375494728,-0.5723876813995109,-0.5676172982551133,0.8941127910624027,0.7526940941796735,-3.2479632295481524,0.03740014482967126,0,0.03740014482967126,0.0013987708332803858,,,0.002692913203064359,0.013464566015321795,0.008617322249805949,0.003231495843677231,0.0005385826406128718
,37,5.5,3.5,1.3,0.2,0,,0.20660707243464085,-0.5737341380010431,-0.568479030480094,0.893789641478035,0.7526402359156122,-3.626152712146857,0.025928228436500163,0,0.025928228436500163,0.0006722730298553357,,,0.001309684362331097,0.007203263992821033,0.004583895268158839,0.0017025896710304261,0.0002619368724662194
,38,4.9,3.1,1.5,0.1,0,,0.20647610399840774,-0.5744544644003252,-0.5689374200069098,0.893619382510932,0.7526140422283656,-2.9563662955953722,0.04943648370685031,0,0.04943648370685031,0.0024439659212976764,,,0.004646289679698693,0.022766819430523597,0.014403498007065947,0.006969434519548039,0.0004646289679698693
,39,4.4,3.0,1.3,0.2,0,,0.20601147503043787,-0.5767311463433775,-0.5703777698076165,0.8929224390589772,0.7525675793315686,-2.731426191660289,0.06114424013960566,0,0.06114424013960566,0.003738618102249764,,,0.007020046278431056,0.03088820362509665,0.021060138835293167,0.009126060161960374,0.0014040092556862113
,40,5.1,3.4,1.5,0.2,0,,0.20530947040259476,-0.5798199667058872,-0.5724837836911457,0.8920098330427811,0.7524271784059999,-3.209717039101953,0.03880168642547407,0,0.03880168642547407,0.0015055708694608186,,,0.002894304361385343,0.014760952243065248,0.009840634828710166,0.004341456542078015,0.0005788608722770687
,41,7.0,3.2,4.7,1.4,1,,0.20502003996645624,-0.5812960619301937,-0.5734678471740168,0.8915756873885733,0.7523692923187723,-0.4554267645291775,0.38807128154857123,0,-0.6119287184514288,0.37445675646560805,,,-0.2906318267322595,-2.0344227871258167,-0.9300218455432305,-1.3659695856416199,-0.4068845574251633
,42,6.4,3.2,4.5,1.5,1,,0.23408322263968218,-0.377853783217612,-0.4804656626196937,1.0281726459527354,0.7930577480612886,2.094692418543188,0.8903862386832657,1,-0.10961376131673428,0.012015176670001992,,,-0.021396295924636002,-0.13693629391767043,-0.06846814695883521,-0.096283331660862,-0.032094443886954004
,43,6.9,3.1,4.9,1.5,1,,0.23622285223214579,-0.36416015382584493,-0.4736188479238102,1.0378009791188216,0.796267192449984,2.5349249486272063,0.9265542084459626,1,-0.07344579155403741,0.005394284296999113,,,-0.009996193633876996,-0.06897373607375128,-0.03098820026501869,-0.048981348805997284,-0.014994290450815495
,44,5.5,2.3,4.0,1.3,1,,0.23722247159553347,-0.3572627802184698,-0.47052002789730835,1.0426991139994213,0.7977666214950656,2.3979741801714107,0.9166726941150443,1,-0.08332730588495574,0.0069434399060449795,,,-0.012729723530200321,-0.07001347941610177,-0.029278364119460738,-0.050918894120801285,-0.016548640589260418
,45,6.5,2.8,4.6,1.5,1,,0.23849544394855351,-0.35026143227685963,-0.4675921914853623,1.0477910034115014,0.7994214855539916,2.671508842013845,0.9353243652899917,1,-0.06467563471000826,0.004182937725142425,,,-0.0078248071456328,-0.050861246446613204,-0.02190946000777184,-0.03599411286991088,-0.0117372107184492
,46,5.7,2.8,4.5,1.3,1,,0.2392779246631168,-0.34517530763219834,-0.4654012454845851,1.0513904146984925,0.8005952066258365,2.7406858185595513,0.9393851594302105,1,-0.060614840569789497,0.0036741588973009985,,,-0.00690290068302605,-0.039346533893248485,-0.019328121912472938,-0.031063053073617224,-0.008973770887933864
,47,6.3,3.3,4.7,1.6,1,,0.23996821473141938,-0.3412406542428735,-0.4634684332933378,1.0544967200058541,0.8014925837146298,2.799228981104225,0.9426341454702339,1,-0.05736585452976606,0.003290841265930281,,,-0.006204118689176747,-0.0390859477418135,-0.020473591674283264,-0.02915935783913071,-0.009926589902682796
,48,4.9,2.4,3.3,1.0,1,,0.24058862660033706,-0.3373320594686921,-0.4614210741259095,1.0574126557897672,0.8024852427048981,1.7721979641126924,0.8547307964533959,1,-0.1452692035466041,0.021103141499064695,,,-0.036075009882328556,-0.17676754842340994,-0.08658002371758854,-0.11904753261168423,-0.036075009882328556
,49,6.6,2.9,4.6,1.3,1,,0.2441961275885699,-0.3196553046263511,-0.45276307175415065,1.0693174090509356,0.8060927436931309,2.7882388574029897,0.9420369553024789,1,-0.057963044697521116,0.0033597145506068307,,,-0.00632995053187819,-0.04177767351039605,-0.01835685654244675,-0.02911777244663967,-0.008228935691441647
,50,5.2,2.7,3.9,1.4,1,,0.2448291226417577,-0.3154775372753115,-0.45092738609990596,1.0722291862955997,0.806915637262275,2.6982177050604155,0.9369213928423342,1,-0.06307860715766578,0.003978910680951124,,,-0.007455853074383936,-0.03877043598679647,-0.02013080330083663,-0.02907782699009735,-0.01043819430413751
,51,5.0,2.0,3.5,1.0,1,,0.2455747079491961,-0.3116004936766319,-0.4489143057698223,1.0751369689946095,0.8079594566926888,2.360682476200214,0.9137795905679313,1,-0.08622040943206866,0.0074339590026335535,,,-0.013586000027450553,-0.06793000013725277,-0.027172000054901106,-0.047551000096076934,-0.013586000027450553
,52,5.9,3.0,4.2,1.5,1,,0.24693330795194116,-0.3048074936629066,-0.4461971057643322,1.0798920690042173,0.8093180566954338,2.8595015529086596,0.9458077570682746,1,-0.05419224293172542,0.0029367991939711438,,,-0.005555294917219528,-0.032776240011595216,-0.016665884751658585,-0.02333223865232202,-0.008332942375829292
,53,6.0,2.2,4.0,1.0,1,,0.2474888374436631,-0.3015298696617471,-0.4445305172891663,1.0822252928694496,0.8101513509330167,2.599395003847829,0.9308226329822655,1,-0.06917736701773447,0.004785508107506337,,,-0.008908918513574055,-0.05345351108144433,-0.01959962072986292,-0.03563567405429622,-0.008908918513574055
,54,6.1,2.9,4.7,1.4,1,,0.2483797292950205,-0.29618451855360267,-0.44257055521618005,1.085788860274879,0.8110422427843741,3.3968663391811775,0.9676064570021757,1,-0.032393542997824265,0.0010493416279518896,,,-0.002030699469614846,-0.01238726676465056,-0.005889028461883054,-0.009544287507189777,-0.0028429792574607843
,55,5.6,2.9,3.6,1.3,1,,0.24858279924198198,-0.2949457918771376,-0.44198165236999176,1.0867432890255981,0.8113265407101201,2.2821399162723446,0.9073870333084475,1,-0.0926129666915525,0.008577161599410613,,,-0.015565610435792668,-0.08716741844043893,-0.045140270263798736,-0.056036197568853606,-0.02023529356653047
,56,6.7,3.1,4.4,1.4,1,,0.2501393602855613,-0.2862290500330937,-0.4374676253436119,1.0923469087824835,0.8133500700667732,2.921271583235047,0.9488880055220281,1,-0.05111199447797188,0.002612435979516228,,,-0.004957818332314279,-0.033217382826505666,-0.015369236830174264,-0.021814400662182827,-0.006940945665239989
,57,5.6,3.0,4.5,1.5,1,,0.2506351421187927,-0.2829073117504431,-0.43593070166059444,1.0945283488487019,0.8140441646332972,3.505005908103632,0.9708298673603458,1,-0.029170132639654178,0.000850896638215018,,,-0.0016521517408313,-0.00925204974865528,-0.0049564552224939,-0.00743468283374085,-0.00247822761124695
,58,5.8,2.7,4.1,1.0,1,,0.2508003572928758,-0.28198210677557756,-0.43543505613834504,1.0952718171320759,0.8142919873944219,2.7445359240569265,0.9396040165553428,1,-0.06039598344465724,0.0036476748162473116,,,-0.006854739816867492,-0.03975749093783146,-0.01850779750554223,-0.028104433249156718,-0.006854739816867492
,59,6.2,2.2,4.5,1.5,1,,0.25148583127456253,-0.27800635768179444,-0.43358427638779085,1.0980822604569915,0.8149774613761086,3.737797369714922,0.9767470877411303,1,-0.023252912258869718,0.0005406979285186936,,,-0.0010562502540565916,-0.006548751575150868,-0.0023237505589245016,-0.004753126143254662,-0.0015843753810848875
,60,5.6,2.5,3.9,1.1,1,,0.2515914562999682,-0.2773514825242793,-0.4333519013318984,1.098557573071317,0.8151358989142171,2.7960674246180335,0.9424629448235251,1,-0.057537055176474894,0.0033105127183807163,,,-0.0062400711308816465,-0.03494439833293722,-0.015600177827204116,-0.02433627741043842,-0.006864078243969811
,61,5.9,3.2,4.8,1.8,1,,0.2522154634130564,-0.2738570426909856,-0.43179188354917797,1.100991200812361,0.8158223067386141,4.00796280020771,0.982153896145921,1,-0.017846103854079032,0.00031848342277057446,,,-0.0006255994690640165,-0.0036910368674776973,-0.0020019183010048527,-0.003002877451507279,-0.0011260790443152298
,62,6.1,2.8,4.0,1.3,1,,0.2522780233599628,-0.27348793900423785,-0.43159169171907746,1.1012914885575118,0.8159349146430457,2.841426201886702,0.9448737963810775,1,-0.05512620361892251,0.003038898325434905,TP,,-0.005742750795139555,-0.03503077985035129,-0.016079702226390755,-0.02297100318055822,-0.007465576033681422
,63,6.3,2.5,4.9,1.5,1,,0.25285229843947676,-0.2699848610192027,-0.4299837214964384,1.1035885888755677,0.8166814722464139,4.109594664137306,0.9838506556919212,1,-0.016149344308078795,0.00026080132158087696,39,,-0.0005131791024853308,-0.003233028345657584,-0.001282947756213327,-0.0025145776021781208,-0.0007697686537279961
,64,6.1,2.8,4.7,1.2,1,,0.2529036163497253,-0.26966155818463694,-0.42985542672081706,1.1038400466357854,0.8167584491117866,3.572531274727488,0.972682528660679,1,-0.027317471339321053,0.0007462442403746272,FN,,-0.00145171746945212,-0.00885547656365793,-0.004064808914465936,-0.006823072106424964,-0.001742060963342544
,65,6.4,2.9,4.3,1.3,1,,0.25304878809667053,-0.26877601052827116,-0.4294489458293705,1.104522353846428,0.8169326552081209,3.098938951120757,0.9568489566090913,1,-0.043151043390908694,0.001862012545724085,1,,-0.0035633295231382567,-0.022805308948084843,-0.010333655617100944,-0.015322316949494503,-0.004632328380079734
,66,6.6,3.0,4.4,1.4,1,,0.2534051210489843,-0.26649547963346265,-0.4284155802676604,1.1060545855413775,0.8173958880461288,3.220282634311791,0.9615904547473335,1,-0.03840954525266649,0.0014752931665166348,FP,,-0.002837255653752729,-0.01872588731476801,-0.008511766961258186,-0.012483924876512007,-0.00397215791525382
,67,6.8,2.8,4.8,1.4,1,,0.2536888466143596,-0.2646228909019859,-0.4275644035715346,1.1073029780290287,0.8177931038376542,3.717037498392612,0.9762708891599292,1,-0.02372911084007079,0.000563070701260365,0,,-0.001099419068358723,-0.007476049664839316,-0.0030783733914044238,-0.0052772115281218696,-0.0015391866957022119
,68,6.7,3.0,5.0,1.7,1,,0.2537987885211955,-0.26387528593550197,-0.42725656623239416,1.1078306991818407,0.8179470225072245,4.133728108227635,0.9842296569696346,1,-0.015770343030365397,0.0002487037192953944,TN,,-0.0004895631526583567,-0.0032800731228109898,-0.0014686894579750702,-0.0024478157632917834,-0.0008322573595192064
,69,6.0,2.9,4.5,1.5,1,,0.25384774483646133,-0.26354727862322086,-0.42710969728659665,1.1080754807581699,0.8180302482431764,3.647330986742535,0.9746013127249789,1,-0.025398687275021148,0.0006450933152943212,40,,-0.0012574175838319082,-0.007544505502991449,-0.0036465109931125336,-0.005658379127243587,-0.0018861263757478622
,70,5.7,2.6,3.5,1.0,1,,0.25397348659484453,-0.2627928280729217,-0.42674504618728537,1.1086413186708943,0.8182188608807511,2.34498072272113,0.9125344409093932,1,-0.08746555909060683,0.007650224027032434,Precision,,-0.013962185810679298,-0.079584459120872,-0.03630168310776618,-0.04886765033737754,-0.013962185810679298
,71,5.5,2.4,3.8,1.1,1,,0.25536970517591245,-0.2548343821608345,-0.42311487787650875,1.1135280837046322,0.8196150794618191,2.971288201873305,0.9512600384113319,1,-0.04873996158866811,0.002375583855664843,1.0,,-0.004519595979578157,-0.02485777788767986,-0.010847030350987576,-0.017174464722396997,-0.004971555577535973
,72,5.5,2.4,3.7,1.0,1,,0.25582166477387025,-0.2523486043720665,-0.42203017484141,1.1152455301768718,0.8201122350195728,2.801552617782119,0.9427596669964166,1,-0.05724033300358344,0.003276455722361124,Recall,,-0.006177820611483353,-0.03397801336315844,-0.014826769467560046,-0.02285793626248841,-0.006177820611483353
,73,5.8,2.7,3.9,1.2,1,,0.25643944683501857,-0.24895080303575068,-0.42054749789465395,1.1175313238031206,0.8207300170807211,3.0202947282411343,0.9534825994710336,1,-0.04651740052896636,0.0021638685519722797,0.975,,-0.004126422023696301,-0.023933247737438545,-0.011141339463980014,-0.016093045892415576,-0.0049517064284355615
,74,6.0,2.7,5.1,1.6,1,,0.2568520890373882,-0.24655747826200683,-0.419433363948256,1.1191406283923622,0.8212251877235647,4.666614641963806,0.9906835604977324,1,-0.00931643950226757,8.679604499941161e-05,F1-Score,,-0.000171974829794277,-0.001031848978765662,-0.0004643320404445479,-0.0008770716319508126,-0.0002751597276708432
,75,5.4,3.0,4.5,1.5,1,,0.2568692865203676,-0.24645429336413027,-0.4193869307442115,1.1192283355555572,0.8212527036963317,3.9362618756659344,0.9808527242984124,1,-0.019147275701587585,0.00036661816679260634,0.9873417721518987,,-0.0007191968553516354,-0.0038836630188988316,-0.002157590566054906,-0.003236385849082359,-0.001078795283027453
,76,6.0,3.4,4.5,1.6,1,,0.2569412062059028,-0.2460659270622404,-0.41917117168760604,1.1195519741404654,0.8213605832246345,3.70752447688611,0.9760495087665997,1,-0.023950491233400317,0.0005736260303211855,,,-0.0011197748102214555,-0.006718648861328733,-0.0038072343547529484,-0.00503898664599655,-0.0017916396963543288
,77,6.7,3.1,4.7,1.5,1,,0.2570531836869249,-0.2453940621761075,-0.41879044825213074,1.120055872805065,0.8215397471942699,3.811234800500609,0.9783578944582668,1,-0.02164210554173318,0.00046838073227951807,,,-0.0009164879740756208,-0.00614046942630666,-0.0028411127196344248,-0.004307493478155418,-0.0013747319611134312
,78,6.3,2.3,4.4,1.3,1,,0.2571448324843325,-0.24478001523347684,-0.4185063369801673,1.1204866221528804,0.8216772203903813,3.7507876854392137,0.9770403065209283,1,-0.022959693479071674,0.0005271475246529264,,,-0.0010300887581372875,-0.006489559176264911,-0.0023692041437157613,-0.004532390535804065,-0.0013391153855784738
,79,5.6,3.0,4.1,1.3,1,,0.2572478413601462,-0.24413105931585036,-0.41826941656579575,1.1209398612064607,0.8218111319289391,3.299513561948106,0.9644121192715065,1,-0.035587880728493504,0.0012664972547454794,,,-0.0024428506030012656,-0.013679963376807085,-0.007328551809003797,-0.010015687472305189,-0.0031757057839016454
,80,5.5,2.5,4.0,1.3,1,,0.25749212642044633,-0.24276306297816966,-0.41753656138489537,1.1219414299536912,0.8221287025073293,3.4349869096525674,0.9687802503337217,1,-0.031219749666278274,0.0009746727692250824,,0.012764059786674595,-0.0018884874587266742,-0.010386681022996707,-0.004721218646816685,-0.007553949834906697,-0.0024550336963446765
,,,,,,,,,,,,,,,,,,,,,,,,
,,,,,,,,,,,,,,,,,,,,,,,,
,,,,,,,,,,,,,,,,,,,,,,,,
,,,,,,,,,,,,,,,,,,,,,,,,
,,,,,,,,,,,,,,,,,,,,,,,,
,,,,,,,,,,,,,,,,,,,,,,,,
,,,,,,,,,,,,,,,,,,,,,,,,
,,,,,,,,,,,,,,,,,,,,,,,,
,,,,,,,,,,,,,,,,,,,,,,,,
,,,,,,,,,,,,,,,,,,,,,,,,
,,,,,,,,,,,,,,,,,,,,,,,,
,,,,,,,,,,,,,,,,,,,,,,,,
,,,,,,,,,,,,,,,,,,,,,,,,
,,,,,,,,,,,,,,,,,,,,,,,,
,,,,,,,,,,,,,,,,,,,,,,,,
,,,,,,,,,,,,,,,,,,,,,,,,
,,,,,,,,,,,,,,,,,,,,,,,,
,,,,,,,,,,,,,,,,,,,,,,,,
,,,,,,,,,,,,,,,,,,,,,,,,
,,,,,,,,,,,,,,,,,,,,,,,,
,,,,,,,,,,,,,,,,,,,,,,,,
,,,,,,,,,,,,,,Epoch,Train Accuracy,Validation Accuracy,Train Loss (MSE),Validation Loss (MSE),Train F1-Score,,,,,
,,,,,,,,,,,,,,1,0.525,0.5,0.45020333452826444,0.3291632517546766,0.6724137931034483,,,,,
,,,,,,,,,,,,,,2,0.95,0.5,0.037529022748903976,0.2474625594947646,0.9500000000000001,,,,,
,,,,,,,,,,,,,,3,0.975,0.5,0.024417942248016977,0.1760144726459965,0.975,,,,,
,,,,,,,,,,,,,,4,0.975,0.85,0.017388687423930464,0.1194243157992018,0.975,,,,,
,,,,,,,,,,,,,,5,0.9875,1.0,0.012764059786674595,0.08158255356002914,0.9873417721518987,,,,,
